-- MySQL dump 10.13  Distrib 8.0.19, for Win64 (x86_64)
--
-- Host: localhost    Database: WareTech_ClubTech
-- ------------------------------------------------------
-- Server version	8.0.19

/*!40101 SET @OLD_CHARACTER_SET_CLIENT=@@CHARACTER_SET_CLIENT */;
/*!40101 SET @OLD_CHARACTER_SET_RESULTS=@@CHARACTER_SET_RESULTS */;
/*!40101 SET @OLD_COLLATION_CONNECTION=@@COLLATION_CONNECTION */;
/*!50503 SET NAMES utf8mb4 */;
/*!40103 SET @OLD_TIME_ZONE=@@TIME_ZONE */;
/*!40103 SET TIME_ZONE='+00:00' */;
/*!40014 SET @OLD_UNIQUE_CHECKS=@@UNIQUE_CHECKS, UNIQUE_CHECKS=0 */;
/*!40014 SET @OLD_FOREIGN_KEY_CHECKS=@@FOREIGN_KEY_CHECKS, FOREIGN_KEY_CHECKS=0 */;
/*!40101 SET @OLD_SQL_MODE=@@SQL_MODE, SQL_MODE='NO_AUTO_VALUE_ON_ZERO' */;
/*!40111 SET @OLD_SQL_NOTES=@@SQL_NOTES, SQL_NOTES=0 */;

--
-- Table structure for table `access`
--

DROP TABLE IF EXISTS `access`;
/*!40101 SET @saved_cs_client     = @@character_set_client */;
/*!50503 SET character_set_client = utf8mb4 */;
CREATE TABLE `access` (
  `id` bigint NOT NULL AUTO_INCREMENT,
  `version` bigint NOT NULL DEFAULT '0',
  `value` varchar(255) NOT NULL,
  `description` varchar(255) NOT NULL,
  PRIMARY KEY (`id`),
  UNIQUE KEY `UK_Access_value` (`value`)
) ENGINE=InnoDB AUTO_INCREMENT=30 DEFAULT CHARSET=utf8mb4 COLLATE=utf8mb4_0900_ai_ci;
/*!40101 SET character_set_client = @saved_cs_client */;

--
-- Dumping data for table `access`
--

LOCK TABLES `access` WRITE;
/*!40000 ALTER TABLE `access` DISABLE KEYS */;
INSERT INTO `access` VALUES (1,0,'DEVELOPER_ACCESS','DEVELOPER_ACCESS'),(2,0,'PaymentCreateMember.jsp','PaymentCreateMember'),(3,0,'SubscriptionSearch.jsp','SubscriptionSearch'),(4,0,'SubscriptionEdit.jsp','SubscriptionEdit'),(5,0,'MemberCreate.jsp','MemberCreate'),(6,0,'MemberSearch.jsp','MemberSearch'),(7,0,'TicketCreate.jsp','TicketCreate'),(8,0,'TicketList.jsp','TicketList'),(9,0,'PersonSearchPage.jsp','PersonSearchPage'),(10,0,'BuffetTicketCreate.jsp','BuffetTicketCreate'),(11,0,'BuffetTicketResume.jsp','BuffetTicketResume'),(12,0,'StoreTicketCreate.jsp','StoreTicketCreate'),(13,0,'StoreTicketResume.jsp','StoreTicketResume'),(14,0,'ActivitySearch.jsp','ActivitySearch'),(15,0,'UserSearch.jsp','UserSearch'),(16,0,'AccessSearch.jsp','AccessSearch'),(17,0,'MembersLoad.jsp','MembersLoad'),(18,0,'ProcessList.jsp','ProcessList'),(19,0,'MemberEdit.jsp','MemberEdit'),(20,0,'UserProfile.jsp','UserProfile'),(21,0,'UserView.jsp','UserView'),(22,0,'AccessView.jsp','AccessView'),(23,0,'ActivityView.jsp','ActivityView'),(24,0,'ActivityEdit.jsp','ActivityEdit'),(25,0,'ActivityCreate.jsp','ActivityCreate'),(26,0,'UserCreate.jsp','UserCreate'),(27,0,'PaymentCreateSubscription.jsp','PaymentCreateSubscription'),(28,0,'PaymentCreateConfirm.jsp','PaymentCreateConfirm'),(29,0,'PaymentSearch.jsp','PaymentSearch');
/*!40000 ALTER TABLE `access` ENABLE KEYS */;
UNLOCK TABLES;

--
-- Table structure for table `member`
--

DROP TABLE IF EXISTS `member`;
/*!40101 SET @saved_cs_client     = @@character_set_client */;
/*!50503 SET character_set_client = utf8mb4 */;
CREATE TABLE `member` (
  `id` bigint NOT NULL AUTO_INCREMENT,
  `version` bigint NOT NULL DEFAULT '0',
  `firstname` varchar(255) NOT NULL,
  `lastname` varchar(255) NOT NULL,
  `dni` varchar(255) DEFAULT NULL,
  `birthday` varchar(8) DEFAULT NULL,
  `phone` varchar(255) DEFAULT NULL,
  `address` varchar(255) DEFAULT NULL,
  `email` varchar(255) DEFAULT NULL,
  `father` varchar(255) DEFAULT NULL,
  `mother` varchar(255) DEFAULT NULL,
  `paymentType` bigint NOT NULL,
  `discount` bigint NOT NULL,
  `activity` bigint NOT NULL,
  `status` bigint NOT NULL,
  `note` varchar(255) DEFAULT NULL,
  PRIMARY KEY (`id`),
  KEY `FK_Member_paymentType` (`paymentType`),
  KEY `FK_Member_discount` (`discount`),
  KEY `FK_Member_activity` (`activity`),
  KEY `FK_Member_status` (`status`),
  CONSTRAINT `FK_Member_activity` FOREIGN KEY (`activity`) REFERENCES `parameter` (`id`),
  CONSTRAINT `FK_Member_discount` FOREIGN KEY (`discount`) REFERENCES `parameter` (`id`),
  CONSTRAINT `FK_Member_paymentType` FOREIGN KEY (`paymentType`) REFERENCES `parameter` (`id`),
  CONSTRAINT `FK_Member_status` FOREIGN KEY (`status`) REFERENCES `parameter` (`id`)
) ENGINE=InnoDB AUTO_INCREMENT=646 DEFAULT CHARSET=utf8mb4 COLLATE=utf8mb4_0900_ai_ci;
/*!40101 SET character_set_client = @saved_cs_client */;

--
-- Dumping data for table `member`
--

LOCK TABLES `member` WRITE;
/*!40000 ALTER TABLE `member` DISABLE KEYS */;
INSERT INTO `member` VALUES (1,0,'Florencia','Basmachi',NULL,NULL,NULL,NULL,NULL,NULL,NULL,101,201,320,402,'incorporacion feb 2019'),(2,0,'Daniela','Bonanno','39598000','19960520',NULL,NULL,NULL,NULL,NULL,101,201,320,402,'incorporacion feb 2019'),(3,0,'Julia','Caffaro','30958585','19840606',NULL,NULL,NULL,NULL,NULL,101,201,320,401,NULL),(4,0,'Delfina','D\'arrisso',NULL,NULL,NULL,NULL,NULL,NULL,NULL,101,201,320,404,'Inicio mitad Febrero 2020'),(5,0,'Laura','De Giusti','24704071','19750606',NULL,NULL,NULL,NULL,NULL,101,201,320,402,'baja\nincorporacion feb 2019'),(6,0,'Maria Marta','Diaz Sevigne','22532862','19720729',NULL,NULL,NULL,NULL,NULL,101,201,320,402,'baja\nincorporacion feb 2019'),(7,0,'Emilia','Falleo','36571752','19911111',NULL,NULL,NULL,NULL,NULL,101,201,320,401,NULL),(8,0,'Carina','Ferreyra','32392784','19860623',NULL,NULL,NULL,NULL,NULL,101,201,320,401,NULL),(9,0,'Victoria','Fonseca ','41806373','19990105',NULL,NULL,NULL,NULL,NULL,101,201,320,402,NULL),(10,0,'Patricia Andrea','Fuentes','24892145','19751011',NULL,NULL,NULL,NULL,NULL,101,201,320,401,'baja\nbeca 2018'),(11,0,'Sofia','Gallina',NULL,NULL,NULL,NULL,NULL,NULL,NULL,101,201,320,402,'n/p\nincorporacion feb 2019'),(12,0,'Carolina','Gerardi','32070550','19860807',NULL,NULL,NULL,NULL,NULL,101,201,320,401,'baja\ninicio feb 2019'),(13,0,'Estefania','Giugno','41806373','19970206',NULL,NULL,NULL,NULL,NULL,101,201,320,402,NULL),(14,0,'Andrea Chantal','Guzman','32070550','19860807',NULL,NULL,NULL,NULL,NULL,101,201,320,401,'inicio feb 2019'),(15,0,'Hedelweis','Hoppe','35654661','19901113',NULL,NULL,NULL,NULL,NULL,101,201,320,401,'DT'),(16,0,'Mariana','Isla','27058951','19790615',NULL,NULL,NULL,NULL,NULL,101,201,320,401,'n/p\nDT'),(17,0,'Alwina','Mac Dougall',NULL,NULL,NULL,NULL,NULL,NULL,NULL,101,201,320,402,'baja\nincorporacion feb 2019'),(18,0,'Daniela','Martino','36374169','19910823',NULL,NULL,NULL,NULL,NULL,101,201,320,401,'inicio abr/18'),(19,0,'Veronica','Molinari',NULL,NULL,NULL,NULL,NULL,NULL,NULL,101,201,320,404,'Inicio marzo 2020'),(20,0,'Evelyn','Morelli ','38628998','19950618',NULL,NULL,NULL,NULL,NULL,101,201,320,403,'baja'),(21,0,'Johana','Palavecino','37689542','19931112',NULL,NULL,NULL,NULL,NULL,101,201,320,401,'baja\nLAP y Lifipa'),(22,0,'Rocio','Peleaz','41899016','19990528',NULL,NULL,NULL,NULL,NULL,101,201,320,402,'ver\nincorporacion feb 2019'),(23,0,'Agustina Laura','Piazza','34169608','19881018',NULL,NULL,NULL,NULL,NULL,101,201,320,401,NULL),(24,0,'Wendy Estefani','Quispe Reyes','95682783','19900308',NULL,NULL,NULL,NULL,NULL,101,201,320,402,'ver\nincorporacion feb 2019'),(25,0,'Sofia','Revello',NULL,NULL,NULL,NULL,NULL,NULL,NULL,101,201,320,402,'incorporacion feb 2019'),(26,0,'Giuliana','Rienzi','38605221','19940922',NULL,NULL,NULL,NULL,NULL,101,201,320,401,'LAP y Lifipa'),(27,0,'Adriana Cecilia','Rodriguez',NULL,NULL,NULL,NULL,NULL,NULL,NULL,101,201,320,402,'baja'),(28,0,'Noelia','Romero',NULL,NULL,NULL,NULL,NULL,NULL,NULL,101,201,320,402,'baja'),(29,0,'Maria Florencia','Ruggeri ','32313328','19860106',NULL,NULL,NULL,NULL,NULL,101,201,320,401,NULL),(30,0,'Anabel Carolina','Sakalis','33506127','19881202',NULL,NULL,NULL,NULL,NULL,101,201,320,402,NULL),(31,0,'Natalia','Silvestri','27528419',NULL,NULL,NULL,NULL,NULL,NULL,101,201,320,402,'ver'),(32,0,'Daiana Ayelen','Suarez ','32170138','19860429',NULL,NULL,NULL,NULL,NULL,101,201,320,401,NULL),(33,0,'Catalina','Victory',NULL,NULL,NULL,NULL,NULL,NULL,NULL,101,201,320,404,NULL),(34,0,'Lucrecia','Alvarez',NULL,NULL,NULL,NULL,NULL,NULL,NULL,101,201,320,402,'baja\nincorporacion feb 2019'),(35,0,'Ludmila','Angeli ','42195831','19991021',NULL,NULL,NULL,NULL,NULL,101,201,320,401,'baja\n1/2 beca'),(36,0,'Paula Mariel','Benitez','37679306','19930722',NULL,NULL,NULL,NULL,NULL,101,201,320,401,NULL),(37,0,'Lucia','Bonifetto','41391831','19980831',NULL,NULL,NULL,NULL,NULL,101,201,320,401,NULL),(38,0,'Aldana','Botto',NULL,NULL,NULL,NULL,NULL,NULL,NULL,101,201,320,402,'ver\nincorporacion feb 2019'),(39,0,'Maria Sol','Caffaro','39150859','19950809',NULL,NULL,NULL,NULL,NULL,101,201,320,401,'LAP y Lifipa'),(40,0,'Camila','Costa','37564178','19940512',NULL,NULL,NULL,NULL,NULL,101,201,320,401,'n/p\nDT'),(41,0,'Olivia','Dallachiesa','40458644','19970516',NULL,NULL,NULL,NULL,NULL,101,201,320,401,'DT'),(42,0,'Jimena','Di Cunzolo','30427128','19830208',NULL,NULL,NULL,NULL,NULL,101,201,320,402,'baja\nincorporacion feb 2019'),(43,0,'Milagros','Fredes','45986489','19990122',NULL,NULL,NULL,NULL,NULL,101,201,320,402,'incorporacion feb 2019'),(44,0,'Celeste','Garcia','34947006','19900306',NULL,NULL,NULL,NULL,NULL,101,201,320,401,NULL),(45,0,'Antonela','Gargiulo','38691500','19941206',NULL,NULL,NULL,NULL,NULL,101,201,320,401,'LAP y Lifipa'),(46,0,'Julieta','Gergo',NULL,NULL,NULL,NULL,NULL,NULL,NULL,101,201,320,402,'baja\ninc Agosto'),(47,0,'Pilar','Herbon','35720179','19911206',NULL,NULL,NULL,NULL,NULL,101,201,320,401,'n/p\nDT - LAP y Lifipa'),(48,0,'Camila Celeste','Lofeudo','40930857','19980407',NULL,NULL,NULL,NULL,NULL,101,201,320,401,'baja'),(49,0,'Maria Belen','Lujan','37244704','19930412',NULL,NULL,NULL,NULL,NULL,101,201,320,401,NULL),(50,0,'Jesica Noemi','Ruiz','33006943','19870405',NULL,NULL,NULL,NULL,NULL,101,201,320,402,'incorporacion feb 2019'),(51,0,'Tania','Serrudo Apaza','93998835','19971210',NULL,NULL,NULL,NULL,NULL,101,201,320,401,'LAP y LifipaBeca 50% Hnas'),(52,0,'Julieta','Smolyn','42627424','20000329',NULL,NULL,NULL,NULL,NULL,101,201,320,402,'incorporacion feb 2019'),(53,0,'Maria Belen','Valle','37239921','19930101',NULL,NULL,NULL,NULL,NULL,101,201,320,402,'incorporacion feb 2019'),(54,0,'Emilia','Aranda','5089237','20110326',NULL,NULL,NULL,NULL,NULL,101,201,320,402,'ver\nincio ago ?'),(55,0,'Malena','Barbieri','50839271','20110605',NULL,NULL,NULL,NULL,NULL,101,201,320,402,'ppt'),(56,0,'Ines','Soncini','53374011','20110817',NULL,NULL,NULL,NULL,NULL,101,201,320,402,NULL),(57,0,'Uma','Bastianini','50983242','20110426',NULL,NULL,NULL,NULL,NULL,101,201,320,402,NULL),(58,0,'Agustina','Blanco','52423672','20120520',NULL,NULL,NULL,NULL,NULL,101,201,320,402,NULL),(59,0,'Emilia','De la Rosa','51254784','20111213',NULL,NULL,NULL,NULL,NULL,101,201,320,402,NULL),(60,0,'Magdalena','Molinuevo','52789108','20121023',NULL,NULL,NULL,NULL,NULL,101,201,320,401,'Lifipa'),(61,0,'Nicol','Mondragon','51059619','20110518',NULL,NULL,NULL,NULL,NULL,101,201,320,402,NULL),(62,0,'Luisina','Pelassini','50724123','20110513',NULL,NULL,NULL,NULL,NULL,101,201,320,402,NULL),(63,0,'Vera','Salerno Turrin','51054336','20110427',NULL,NULL,NULL,NULL,NULL,101,201,320,402,'ppt\ninicio jul/18 -  Lifipa'),(64,0,'Maria Paz','Sosa','52836781','20120112',NULL,NULL,NULL,NULL,NULL,101,201,320,402,NULL),(65,0,'Melissa','Brites Delvalle',NULL,NULL,NULL,NULL,NULL,NULL,NULL,101,201,320,402,'n/p\ninicio may/18 -  Lifipa Profe'),(66,0,'Dalila','Barletta','49354927','20090503',NULL,NULL,NULL,NULL,NULL,101,201,320,402,NULL),(67,0,'Emily Malena','Quiroz Canedo','49169590','20090219',NULL,NULL,NULL,NULL,NULL,101,201,320,402,NULL),(68,0,'Fiorella','Sartorix','49354855','20090222',NULL,NULL,NULL,NULL,NULL,101,201,320,406,'inicio Jun/18 escuelita'),(69,0,'Tatiana','Sosa','49542355','20090609',NULL,NULL,NULL,NULL,NULL,101,201,320,402,'ver inicio'),(70,0,'Emilia','Succurro',NULL,NULL,NULL,NULL,NULL,NULL,NULL,101,201,320,404,NULL),(71,0,'Lola','Gimenez','49802845','20091009',NULL,NULL,NULL,NULL,NULL,101,201,320,402,NULL),(72,0,'Candela','Pedulla','50329648','20100626',NULL,NULL,NULL,NULL,NULL,101,201,320,402,NULL),(73,0,'Maria Justina','Cajade',NULL,NULL,NULL,NULL,NULL,NULL,NULL,101,201,320,402,'baja'),(74,0,'Juana','Borgarelli','50636778','20101004',NULL,NULL,NULL,NULL,NULL,101,201,320,401,'plan\nLifipa - DT padre femenino'),(75,0,'Eva','Cardo','50669413','20101015',NULL,NULL,NULL,NULL,NULL,101,201,320,402,NULL),(76,0,'Margarita','Corda','50308627','20100519',NULL,NULL,NULL,NULL,NULL,101,201,320,402,NULL),(77,0,'Delfina','Duabyakosky',NULL,NULL,NULL,NULL,NULL,NULL,NULL,101,201,320,404,'Inicio 26/02/2020'),(78,0,'Paloma','Guillen','49836871','20091122',NULL,NULL,NULL,NULL,NULL,101,201,320,402,'inicio jun/18 -  Lifipa'),(79,0,'Jazmin','Hoses',NULL,NULL,NULL,NULL,NULL,NULL,NULL,101,201,320,404,'Inicio 20/02/2020'),(80,0,'Valentina','Pierresteguy',NULL,NULL,NULL,NULL,NULL,NULL,NULL,101,201,320,404,'inicio 20/02/2020'),(81,0,'Maia Lujan','Sosa Fernandez','49431091','20190131',NULL,NULL,NULL,NULL,NULL,101,201,320,402,'ver inicio'),(82,0,'Sofia','Valenzuela','49172975','20090701',NULL,NULL,NULL,NULL,NULL,101,201,320,402,NULL),(83,0,'Madelaine','Villan','49418665','20091205',NULL,NULL,NULL,NULL,NULL,101,201,320,402,NULL),(84,0,'Melina','Villan','50595826','20100925',NULL,NULL,NULL,NULL,NULL,101,201,320,402,NULL),(85,0,'Uma','Zucchini','50595893','20100925',NULL,NULL,NULL,NULL,NULL,101,201,320,402,NULL),(86,0,'Olivia','Mourino','48440098','20080604',NULL,NULL,NULL,NULL,NULL,101,201,320,402,'inicio Jun/18 escuelita'),(87,0,'Guadalupe','Barcos','48376743','20071114',NULL,NULL,NULL,NULL,NULL,101,201,320,401,'Lifipa'),(88,0,'Xiomara','Bastianini','47794544','20070324',NULL,NULL,NULL,NULL,NULL,101,201,320,401,NULL),(89,0,'Clara Valentina','Blanco','48024682','20070514',NULL,NULL,NULL,NULL,NULL,101,201,320,401,'Lifipa inicio abr/2018'),(90,0,'Juana','Brandimarte ','48573746','20080229',NULL,NULL,NULL,NULL,NULL,101,201,320,402,NULL),(91,0,'Sofia','Coronel','47794535','20070227',NULL,NULL,NULL,NULL,NULL,101,201,320,402,NULL),(92,0,'Joaquina','Humbert','49069006','20080511',NULL,NULL,NULL,NULL,NULL,101,201,320,402,'baja'),(93,0,'Claudia','Martinez','55511952','20080612',NULL,NULL,NULL,NULL,NULL,101,201,320,402,NULL),(94,0,'Lupita','Martinez','48168759','20070717',NULL,NULL,NULL,NULL,NULL,101,201,320,402,NULL),(95,0,'Sofia','Nierenberger',NULL,NULL,NULL,NULL,NULL,NULL,NULL,101,201,320,404,'inicio marzo 2020'),(96,0,'Tiziana','Parisi','48938238','20080813',NULL,NULL,NULL,NULL,NULL,101,201,320,402,'ver\ninicio jun/18 -  Lifipa'),(97,0,'Leila','Perez','47953527','20070316',NULL,NULL,NULL,NULL,NULL,101,201,320,402,NULL),(98,0,'Delfina','Saffores','49069013','20080311',NULL,NULL,NULL,NULL,NULL,101,201,320,402,'fecha de inicio ?'),(99,0,'Uma','Vernengo','49075402','20081028',NULL,NULL,NULL,NULL,NULL,101,201,320,402,'ver inicio'),(100,0,'Maria Paula','Yezzi',NULL,NULL,NULL,NULL,NULL,NULL,NULL,101,201,320,402,'Inicio 20/02/2020'),(101,0,'Camila','Andrade','95594843','20061203',NULL,NULL,NULL,NULL,NULL,101,201,320,402,NULL),(102,0,'Gianella','Quiroz','47121616','20060228',NULL,NULL,NULL,NULL,NULL,101,201,320,402,NULL),(103,0,'Ema','Abbatista',NULL,NULL,NULL,NULL,NULL,NULL,NULL,101,201,320,402,'baja\ninicio abr/18 LAP y Lifipa'),(104,0,'Ludmila Yakelin','Aguirre','46979954','20060312',NULL,NULL,NULL,NULL,NULL,101,201,320,401,'LAP y Lifipa'),(105,0,'Manuela','Alfonso','47476354','20060609',NULL,NULL,NULL,NULL,NULL,101,201,320,402,'baja\ninicio jun/18 -  Lifipa'),(106,0,'Irala Malena','Alfonso','47476354','20060906',NULL,NULL,NULL,NULL,NULL,101,201,320,401,'Lifipa inicio abr/2014'),(107,0,'Milena','Aragues','46908932','20050309',NULL,NULL,NULL,NULL,NULL,101,201,320,402,'cuando inicio ?'),(108,0,'Eunice','Aranda','47094011','20051110',NULL,NULL,NULL,NULL,NULL,101,201,320,402,'incio ago ?'),(109,0,'Nerea Elena Nadin','Bastianini','45569603','20050317',NULL,NULL,NULL,NULL,NULL,101,201,320,405,NULL),(110,0,'Katia','Leal Olmedo','47237880',NULL,NULL,NULL,NULL,NULL,NULL,101,201,320,404,'inicio jul/18 -  Lifipa'),(111,0,'Nicole Solange','Martinez','47476235','20060825',NULL,NULL,NULL,NULL,NULL,101,201,320,401,'Lifipa'),(112,0,'Kiara','Martinho','47118099','20051227',NULL,NULL,NULL,NULL,NULL,101,201,320,402,NULL),(113,0,'Paula','Chavez','45396764','20031215',NULL,NULL,NULL,NULL,NULL,101,201,320,402,NULL),(114,0,'Camila','Blanco',NULL,NULL,NULL,NULL,NULL,NULL,NULL,101,201,320,402,NULL),(115,0,'Martina','Herr','45037082','20031224',NULL,NULL,NULL,NULL,NULL,101,201,320,402,'pedido agosto / ajustar'),(116,0,'Manuela','Barbero','45613730','20040328',NULL,NULL,NULL,NULL,NULL,101,201,320,402,NULL),(117,0,'Lucia','Barreda Oro','45538827','20040130',NULL,NULL,NULL,NULL,NULL,101,201,320,402,NULL),(118,0,'Valentina','Campano','44725609','20030429',NULL,NULL,NULL,NULL,NULL,101,201,320,402,NULL),(119,0,'Catalina','Fonseca ','45573206','20030730',NULL,NULL,NULL,NULL,NULL,101,201,320,401,'inicio may/18 - LAP y Lifipa'),(120,0,'Pilar','Gonzalez Iborra','45573299','20040303',NULL,NULL,NULL,NULL,NULL,101,201,320,401,'Lifipa'),(121,0,'Iara Justina','Lagar ','46004694','20041028',NULL,NULL,NULL,NULL,NULL,101,201,320,401,NULL),(122,0,'Camila','Landro','46340442','20050216',NULL,NULL,NULL,NULL,NULL,101,201,320,401,'LAP y Lifipa'),(123,0,'Luciana','Sosa','45737733','20040429',NULL,NULL,NULL,NULL,NULL,101,201,320,401,'Lifipa'),(124,0,'Martina','Vidal','45613710','20040325',NULL,NULL,NULL,NULL,NULL,101,201,320,401,'LAP y Lifipa'),(125,0,'Luna Agustina','Villegas','46010674','20040930',NULL,NULL,NULL,NULL,NULL,101,201,320,401,NULL),(126,0,'Antonela','Zucchini','45675269','20040426',NULL,NULL,NULL,NULL,NULL,101,201,320,402,NULL),(127,4,'Abril','Larralde','43178959','20010105',NULL,NULL,NULL,NULL,NULL,101,205,310,401,'LAP y Lifipa'),(128,0,'Agustina','Angiolillo','43805783','20011012',NULL,NULL,NULL,NULL,NULL,101,201,320,402,'ver'),(129,0,'Lucia','Blanco','43740261','20010928',NULL,NULL,NULL,NULL,NULL,101,201,320,402,NULL),(130,0,'Sofia','Martinetto','44425954','20021019',NULL,NULL,NULL,NULL,NULL,101,201,320,402,'cuando inicio ?'),(131,0,'Justina','Montalvo','43912446','20020213',NULL,NULL,NULL,NULL,NULL,101,201,320,401,'LAP y Lifipa'),(132,0,'Maitena','Rios ','43184305','20010228',NULL,NULL,NULL,NULL,NULL,101,201,320,402,NULL),(133,0,'Aniley','Rodriguez','94652389','20010915',NULL,NULL,NULL,NULL,NULL,101,201,320,402,NULL),(134,0,'Noemi','Serrudo Apaza','44354793','20020905',NULL,NULL,NULL,NULL,NULL,101,201,320,401,'LAP y LifipaBeca 50% Hnas'),(135,0,'Nazarena','Villarreal','43468082','20010702',NULL,NULL,NULL,NULL,NULL,101,201,320,401,'plan\nLAP y Lifipa'),(136,0,'Gonzalo','Acosta','49249600','20090113',NULL,NULL,NULL,NULL,NULL,101,201,380,401,'baja'),(137,0,'Matias','Aragues','49354915','20090306',NULL,NULL,NULL,NULL,NULL,101,201,380,401,NULL),(138,0,'Benjamin D','Benitez',NULL,NULL,NULL,NULL,NULL,NULL,NULL,101,201,380,404,'baja\ninicio jul/18 escuelita'),(139,0,'Benicio','Bermudez',NULL,NULL,NULL,NULL,NULL,NULL,NULL,101,201,380,404,NULL),(140,0,'Alejo Matias','Bungs','49169552','20090122',NULL,NULL,NULL,NULL,NULL,101,201,380,401,'2018 bonif 50%'),(141,0,'Thiago Alan','Bungs','49169551','20090122',NULL,NULL,NULL,NULL,NULL,101,201,380,401,'2018 bonif 50%'),(142,0,'Santiago','Campano','49417593','20090401',NULL,NULL,NULL,NULL,NULL,101,201,380,401,NULL),(143,0,'Jonas','Colman Alarcon','49542362','20090522',NULL,NULL,NULL,NULL,NULL,101,201,380,401,'becado 2018'),(144,0,'Santiago','Escujuri','49677488','20091019',NULL,NULL,NULL,NULL,NULL,101,201,380,401,'beca a partir jul-19'),(145,0,'Agustin Manuel','Flamenco','49528611','20090520',NULL,NULL,NULL,NULL,NULL,101,201,380,401,NULL),(146,0,'Bautista','Garcia Veron',NULL,NULL,NULL,NULL,NULL,NULL,NULL,101,201,380,404,'baja\ninicio abr/18'),(147,0,'Camilo','Gomez Resa',NULL,NULL,NULL,NULL,NULL,NULL,NULL,101,201,380,404,'Inicio marzo 2020'),(148,0,'Benjamin','Gonzalez Datti','49354770','20090314',NULL,NULL,NULL,NULL,NULL,101,201,380,401,'baja'),(149,0,'Bautista','Leon',NULL,NULL,NULL,NULL,NULL,NULL,NULL,101,201,380,402,'baja\nEscuelita'),(150,0,'Rodrigo','Martinez',NULL,NULL,NULL,NULL,NULL,NULL,NULL,101,201,380,404,'Inicio marzo 2020'),(151,0,'Bautista','Niveyro','49604566','20090620',NULL,NULL,NULL,NULL,NULL,101,201,380,401,NULL),(152,0,'Juan Sebastian','Pereyra',NULL,NULL,NULL,NULL,NULL,NULL,NULL,101,201,380,402,'inicio Ago/18 escuelita'),(153,0,'Bautista','Piantamida','49528791','20090425',NULL,NULL,NULL,NULL,NULL,101,201,380,401,NULL),(154,0,'Franco','Rodriguez',NULL,NULL,NULL,NULL,NULL,NULL,NULL,101,201,380,402,'baja\nEscuelita'),(155,0,'Mateo Agustin','Sanhueza','49169544','20090124',NULL,NULL,NULL,NULL,NULL,101,201,380,401,'n/p\npapa DT inf - de oficio'),(156,0,'Benjamin','Serrano','49932054','20091120',NULL,NULL,NULL,NULL,NULL,101,201,380,401,'baja'),(157,0,'Jermias','Sorhochar',NULL,NULL,NULL,NULL,NULL,NULL,NULL,101,201,380,404,'baja'),(158,0,'Santiago Valentin','Acosta','49724645','20100527',NULL,NULL,NULL,NULL,NULL,101,201,380,401,NULL),(159,0,'Felipe','Almada',NULL,NULL,NULL,NULL,NULL,NULL,NULL,101,201,380,404,'ppt\ninicio feb 2020'),(160,0,'Joaquin','Arroyo',NULL,NULL,NULL,NULL,NULL,NULL,NULL,101,201,380,404,'baja'),(161,0,'Santino','Balbin','50653421','20101009',NULL,NULL,NULL,NULL,NULL,101,201,380,401,NULL),(162,0,'Lucio Nahuel','Cantou','50058583','20101222',NULL,NULL,NULL,NULL,NULL,101,201,380,405,NULL),(163,0,'Juan Ignacio','Carneiro','50306138','20100810',NULL,NULL,NULL,NULL,NULL,101,201,380,401,NULL),(164,0,'Simon','Cercato','50531125','20100820',NULL,NULL,NULL,NULL,NULL,101,201,380,401,NULL),(165,0,'Baltazar','Cisneros','50495420','20100722',NULL,NULL,NULL,NULL,NULL,101,201,380,401,NULL),(166,0,'Francisco','Docola',NULL,NULL,NULL,NULL,NULL,NULL,NULL,101,201,380,404,'baja'),(167,0,'Benjamin','Gogoneche','50027637','20100105',NULL,NULL,NULL,NULL,NULL,101,201,380,401,'baja'),(168,0,'Benjamin','Nieto Tremouilles','50688250','20101126',NULL,NULL,NULL,NULL,NULL,101,201,380,401,NULL),(169,0,'Leon Owen','Lucero','50397588','20100626',NULL,NULL,NULL,NULL,NULL,101,201,380,401,'n/p\nbecado 2018 sigue de oficio'),(170,0,'Augusto','Pavino','50653330','20101020',NULL,NULL,NULL,NULL,NULL,101,201,380,401,'ppt'),(171,0,'Manuel','Perez Beorlegui','49724575','20100315',NULL,NULL,NULL,NULL,NULL,101,201,380,401,NULL),(172,0,'Felipe','Piantamida','50653405','20100918',NULL,NULL,NULL,NULL,NULL,101,201,380,401,NULL),(173,0,'Tomas','Salto Marsili','50308917','20100523',NULL,NULL,NULL,NULL,NULL,101,201,380,401,NULL),(174,0,'Manuel','Soncini','50636735','20101001',NULL,NULL,NULL,NULL,NULL,101,201,380,405,NULL),(175,0,'Joaquin','Tarsitano',NULL,NULL,NULL,NULL,NULL,NULL,NULL,101,201,380,404,'inicio marzo 2020'),(176,0,'Felipe agustin','Aguero','50887925','20110506',NULL,NULL,NULL,NULL,NULL,101,201,380,401,'n/p\nDT padre'),(177,0,'Joan Joaquin','Arismendi',NULL,NULL,NULL,NULL,NULL,NULL,NULL,101,201,380,401,'beca\nsolicito beca 100% (hijo novia Chino Abolio)'),(178,0,'Ramiro','Botargues',NULL,NULL,NULL,NULL,NULL,NULL,NULL,101,201,380,401,NULL),(179,0,'Patricio','Celi','50863200','20110317',NULL,NULL,NULL,NULL,NULL,101,201,380,401,NULL),(180,0,'Pedro','Contte','51252007','20111109',NULL,NULL,NULL,NULL,NULL,101,201,380,401,'ppt'),(181,0,'Lorenzo','Ferreyra','50887972','20110621',NULL,NULL,NULL,NULL,NULL,101,201,380,401,NULL),(182,0,'Bastian Andres','Gallardo','50839295','20110504',NULL,NULL,NULL,NULL,NULL,101,201,380,401,'ppt'),(183,0,'Theo Lisandro','Merlo','50901229','20110317',NULL,NULL,NULL,NULL,NULL,101,201,380,401,NULL),(184,0,'Hipolito','Ortega',NULL,NULL,NULL,NULL,NULL,NULL,NULL,101,201,380,402,'baja'),(185,0,'Fausto','Pereira',NULL,NULL,NULL,NULL,NULL,NULL,NULL,101,201,380,401,NULL),(186,0,'Luca','Primante','51054035','20110425',NULL,NULL,NULL,NULL,NULL,101,201,380,401,NULL),(187,0,'Santiago Agustin','Riquelme','50887902','20110406',NULL,NULL,NULL,NULL,NULL,101,201,380,401,'beca\nbeca 100% (lo vio Ale Primus)'),(188,0,'Matias','Sabbione',NULL,NULL,NULL,NULL,NULL,NULL,NULL,101,201,380,402,'n/p\nDT padre'),(189,0,'Estanislao','Sanchez','50839344','20110806',NULL,NULL,NULL,NULL,NULL,101,201,380,404,NULL),(190,0,'Benjamin','Suarez Peguinho','50839286','20110608',NULL,NULL,NULL,NULL,NULL,101,201,380,401,NULL),(191,0,'Pedro','Arana',NULL,NULL,NULL,NULL,NULL,NULL,NULL,101,201,380,402,'inc mar 2019'),(192,0,'Maximo','Cambas','52028590','20120130',NULL,NULL,NULL,NULL,NULL,101,201,380,401,NULL),(193,0,'Wenceslao','De Ferrari',NULL,NULL,NULL,NULL,NULL,NULL,NULL,101,201,380,402,NULL),(194,0,'Camilo','Garcia de Luca',NULL,NULL,NULL,NULL,NULL,NULL,NULL,101,201,380,404,'inicio marzo 2020'),(195,0,'Santino','Goncebate','52714281','20120905',NULL,NULL,NULL,NULL,NULL,101,201,380,401,NULL),(196,0,'Francisco Lisandro','Gordillo','52598643','20120530',NULL,NULL,NULL,NULL,NULL,101,201,380,401,'baja'),(197,0,'Fausto','Hernandez','52120837','20120403',NULL,NULL,NULL,NULL,NULL,101,201,380,401,'baja'),(198,0,'Felipe','Hernandez','52120837','20120403',NULL,NULL,NULL,NULL,NULL,101,201,380,401,'baja'),(199,0,'Santino','Leonardi Richero','52120837','20120403',NULL,NULL,NULL,NULL,NULL,101,201,380,401,NULL),(200,0,'Amador','Linares','52836666','20121128',NULL,NULL,NULL,NULL,NULL,101,201,380,401,'baja'),(201,0,'Maximo','Mostacchio','52016876','20120118',NULL,NULL,NULL,NULL,NULL,101,201,380,401,'becado 2018'),(202,0,'Joaquin','Olea','52625845','20120710',NULL,NULL,NULL,NULL,NULL,101,201,380,401,NULL),(203,0,'Atawalpa','Orwezabal',NULL,NULL,NULL,NULL,NULL,NULL,NULL,101,201,380,402,'inc mar 2019'),(204,0,'Justo','Peiro','52123948','20120209',NULL,NULL,NULL,NULL,NULL,101,201,380,401,NULL),(205,0,'Benjamin','Peralta Mainet',NULL,NULL,NULL,NULL,NULL,NULL,NULL,101,201,380,402,'inc 2019'),(206,0,'Joaquin','Romanini',NULL,NULL,NULL,NULL,NULL,NULL,NULL,101,201,380,402,'inc mar 2019'),(207,0,'Bautista','Romano','52419009','20120327',NULL,NULL,NULL,NULL,NULL,101,201,380,401,'baja'),(208,0,'Ezequiel Gonzalo','Valdez','52591545','20120702',NULL,NULL,NULL,NULL,NULL,101,201,380,401,NULL),(209,0,'Thiago ian ezequiel','Cardo','53526067','20131003',NULL,NULL,NULL,NULL,NULL,101,201,380,401,'beca\nbecado 100% 2018'),(210,0,'Pedro','Chavez',NULL,NULL,NULL,NULL,NULL,NULL,NULL,101,201,380,404,'baja'),(211,0,'Benjamin','Gabrieli',NULL,NULL,NULL,NULL,NULL,NULL,NULL,101,201,380,402,'baja'),(212,0,'Juan Cruz','Gaona',NULL,NULL,NULL,NULL,NULL,NULL,NULL,101,201,380,404,'inicio marzo 2020'),(213,0,'Francisco','Lopez Ruf',NULL,NULL,NULL,NULL,NULL,NULL,NULL,101,201,380,404,'Inicio fines Dic 2019'),(214,0,'Simon','Mino','53689473','20131211',NULL,NULL,NULL,NULL,NULL,101,201,380,402,'baja'),(215,0,'Benjamin','Morelli',NULL,NULL,NULL,NULL,NULL,NULL,NULL,101,201,380,404,'baja'),(216,0,'Marcos Sebastian','Preste',NULL,NULL,NULL,NULL,NULL,NULL,NULL,101,201,380,404,NULL),(217,0,'Felipe','San Martin','53304740','20130806',NULL,NULL,NULL,NULL,NULL,101,201,380,401,'ppt'),(218,0,'Camilo','Smith',NULL,NULL,NULL,NULL,NULL,NULL,NULL,101,201,380,402,'inc mar 2019'),(219,0,'Pedro','Vera Comesana',NULL,NULL,NULL,NULL,NULL,NULL,NULL,101,201,380,402,NULL),(220,0,'Juan Sebastian','Carrero Soler',NULL,NULL,NULL,NULL,NULL,NULL,NULL,101,201,380,404,'Inicio mediados feb 2020'),(221,0,'Constantino Simon','Forni',NULL,NULL,NULL,NULL,NULL,NULL,NULL,101,201,380,401,NULL),(222,0,'Juan Bautista','Gaimaro',NULL,NULL,NULL,NULL,NULL,NULL,NULL,101,201,380,402,NULL),(223,0,'Lucio','Gonzalez',NULL,NULL,NULL,NULL,NULL,NULL,NULL,101,201,380,404,NULL),(224,0,'Isidro','Oldani',NULL,NULL,NULL,NULL,NULL,NULL,NULL,101,201,380,404,'Inicio mediados feb 2020'),(225,0,'Donato','Pasi',NULL,NULL,NULL,NULL,NULL,NULL,NULL,101,201,380,404,'baja'),(226,0,'Lucio','Peiro',NULL,NULL,NULL,NULL,NULL,NULL,NULL,101,201,380,402,NULL),(227,0,'Gaspar','Pinea Ferreyra',NULL,NULL,NULL,NULL,NULL,NULL,NULL,101,201,380,404,NULL),(228,0,'Antonio','Soncini',NULL,NULL,NULL,NULL,NULL,NULL,NULL,101,201,380,402,NULL),(229,0,'Ignacio','Valcarlos',NULL,NULL,NULL,NULL,NULL,NULL,NULL,101,201,380,401,NULL),(230,0,'Valentino','Soncini',NULL,NULL,NULL,NULL,NULL,NULL,NULL,101,201,380,402,'baja'),(231,0,'Maximo','Zanconi',NULL,NULL,NULL,NULL,NULL,NULL,NULL,101,201,380,402,'baja\nescuelita'),(232,0,'Francisco','Busti',NULL,NULL,NULL,NULL,NULL,NULL,NULL,101,201,380,402,'baja\nincio ago - sep escuelita'),(233,0,'Tomas','Ricci',NULL,NULL,NULL,NULL,NULL,NULL,NULL,101,201,380,404,'baja'),(234,0,'Joaquin','Sosa',NULL,NULL,NULL,NULL,NULL,NULL,NULL,101,201,380,402,'baja'),(235,0,'Ramiro','Wilches',NULL,NULL,NULL,NULL,NULL,NULL,NULL,101,201,380,404,NULL),(236,0,'Braian','Zucchini',NULL,NULL,NULL,NULL,NULL,NULL,NULL,101,201,380,402,'inicio Ago/18 escuelita'),(237,0,'Santiago Tomas','Ayunta',NULL,NULL,NULL,NULL,NULL,NULL,NULL,101,201,380,404,'baja\ninicio Ago/18 escuelita'),(238,0,'Uriel','Mondragon',NULL,NULL,NULL,NULL,NULL,NULL,NULL,101,201,380,402,NULL),(239,0,'Lorenzo','Morison',NULL,NULL,NULL,NULL,NULL,NULL,NULL,101,201,380,404,NULL),(240,0,'Tomas','Sanchez',NULL,NULL,NULL,NULL,NULL,NULL,NULL,101,201,380,402,'baja'),(241,0,'Tadeo','Sosa',NULL,NULL,NULL,NULL,NULL,NULL,NULL,101,201,380,402,NULL),(242,0,'Andres','Acosta',NULL,NULL,NULL,NULL,NULL,NULL,NULL,101,201,380,404,'baja'),(243,0,'Juan Ignacio','Alba',NULL,NULL,NULL,NULL,NULL,NULL,NULL,101,201,380,404,'agregado desde listado moli (solo entrena)'),(244,0,'Jancel','Aranda Presentacion',NULL,NULL,NULL,NULL,NULL,NULL,NULL,101,201,380,404,'inicio marzo 2020'),(245,0,'Ignacio','Bdair',NULL,NULL,NULL,NULL,NULL,NULL,NULL,101,201,380,402,NULL),(246,0,'Ciro','Bernardi',NULL,NULL,NULL,NULL,NULL,NULL,NULL,101,201,380,402,'baja'),(247,0,'Juan Sebastian','Blanco',NULL,NULL,NULL,NULL,NULL,NULL,NULL,101,201,380,404,'agregado desde listado moli (solo entrena)'),(248,0,'Milo','Cubisino',NULL,NULL,NULL,NULL,NULL,NULL,NULL,101,201,380,404,'baja'),(249,0,'Simon','Dangelo',NULL,NULL,NULL,NULL,NULL,NULL,NULL,101,201,380,404,NULL),(250,0,'Tomas','Gerling',NULL,NULL,NULL,NULL,NULL,NULL,NULL,101,201,380,404,NULL),(251,0,'Francisco','Gimenez',NULL,NULL,NULL,NULL,NULL,NULL,NULL,101,201,380,402,'baja'),(252,0,'Lucas','Lavigne',NULL,NULL,NULL,NULL,NULL,NULL,NULL,101,201,380,404,NULL),(253,0,'Thiago D','Lombardi',NULL,NULL,NULL,NULL,NULL,NULL,NULL,101,201,380,402,NULL),(254,0,'Geronimo','Lopez',NULL,NULL,NULL,NULL,NULL,NULL,NULL,101,201,380,404,NULL),(255,0,'Bautista','Machado',NULL,NULL,NULL,NULL,NULL,NULL,NULL,101,201,380,404,'agregado desde listado moli (solo entrena)'),(256,0,'Bautista','Persico',NULL,NULL,NULL,NULL,NULL,NULL,NULL,101,201,380,402,'baja'),(257,0,'Bautista','Ricco',NULL,NULL,NULL,NULL,NULL,NULL,NULL,101,201,380,402,NULL),(258,0,'Thiago','Sarina',NULL,NULL,NULL,NULL,NULL,NULL,NULL,101,201,380,402,'baja'),(259,0,'Santino','Schamines',NULL,NULL,NULL,NULL,NULL,NULL,NULL,101,201,380,402,'baja'),(260,0,'Santiago','Solis',NULL,NULL,NULL,NULL,NULL,NULL,NULL,101,201,380,402,NULL),(261,0,'Joaquin','Tarsitano',NULL,NULL,NULL,NULL,NULL,NULL,NULL,101,201,380,404,'agregado desde listado moli (solo entrena)'),(262,0,'Felipe','Tartara',NULL,NULL,NULL,NULL,NULL,NULL,NULL,101,201,380,402,NULL),(263,0,'Santiago','Valenzuela',NULL,NULL,NULL,NULL,NULL,NULL,NULL,101,201,380,402,NULL),(264,0,'Franco','Ali',NULL,NULL,NULL,NULL,NULL,NULL,NULL,101,201,380,404,'inicio mayo/18'),(265,0,'Juan Ignacio','Campos',NULL,NULL,NULL,NULL,NULL,NULL,NULL,101,201,380,402,'baja'),(266,0,'Tomas','Cjumo ',NULL,NULL,NULL,NULL,NULL,NULL,NULL,101,201,380,402,NULL),(267,0,'Pedro','Grossi',NULL,NULL,NULL,NULL,NULL,NULL,NULL,101,201,380,402,'baja'),(268,0,'Nahuel','Lagos Barragan',NULL,NULL,NULL,NULL,NULL,NULL,NULL,101,201,380,402,NULL),(269,0,'Camilo','Montesionos',NULL,NULL,NULL,NULL,NULL,NULL,NULL,101,201,380,402,'baja'),(270,0,'Pedro','Puchuri',NULL,NULL,NULL,NULL,NULL,NULL,NULL,101,201,380,402,NULL),(271,0,'Estanislao','Sanchez',NULL,NULL,NULL,NULL,NULL,NULL,NULL,101,201,380,402,NULL),(272,0,'Roberto Carlos','Torres',NULL,NULL,NULL,NULL,NULL,NULL,NULL,101,201,380,402,NULL),(273,0,'Santiago','Gimeno',NULL,NULL,NULL,NULL,NULL,NULL,NULL,101,201,380,402,'baja'),(274,0,'Jeremias','Lasich',NULL,NULL,NULL,NULL,NULL,NULL,NULL,101,201,380,404,'baja'),(275,0,'Manuel','Schwarzman',NULL,NULL,NULL,NULL,NULL,NULL,NULL,101,201,380,404,'inicio marzo 2020'),(276,0,'Alexander','Sosa',NULL,NULL,NULL,NULL,NULL,NULL,NULL,101,201,380,402,'inc mar 2019'),(277,0,'Valentino','Montenegro',NULL,NULL,NULL,NULL,NULL,NULL,NULL,101,201,380,402,NULL),(278,0,'Aquiles','Morison',NULL,NULL,NULL,NULL,NULL,NULL,NULL,101,201,380,404,NULL),(279,0,'Matias Joel','Gaona',NULL,NULL,NULL,NULL,NULL,NULL,NULL,101,201,380,404,NULL),(280,0,'Facundo','Aquino Mendez','44666629','20030108',NULL,NULL,NULL,NULL,NULL,101,201,370,401,'becado'),(281,0,'Santiago','Calonje',NULL,NULL,NULL,NULL,NULL,NULL,NULL,101,201,370,402,'baja?'),(282,0,'Valentino','Carelli Saad','44960633','20030725',NULL,NULL,NULL,NULL,NULL,101,201,370,401,NULL),(283,0,'Justo','Carressane','45356480','20031011',NULL,NULL,NULL,NULL,NULL,101,201,370,401,NULL),(284,0,'Santino','Colosi','44785118','20030422',NULL,NULL,NULL,NULL,NULL,101,201,370,401,NULL),(285,0,'Pedro','Dalceggio',NULL,'20030907',NULL,NULL,NULL,NULL,NULL,101,201,370,401,'re inicio 2019'),(286,0,'Leon','Del Rio Segovia',NULL,NULL,NULL,NULL,NULL,NULL,NULL,101,201,370,401,'incorp 2019 Si en Comet'),(287,0,'Agustin','Diaz','44587323','20030105',NULL,NULL,NULL,NULL,NULL,101,201,370,401,NULL),(288,0,'Valentin','Feregotto',NULL,NULL,NULL,NULL,NULL,NULL,NULL,101,201,370,402,'ver'),(289,0,'Joaquin','Gabernet','44858363','20030702',NULL,NULL,NULL,NULL,NULL,101,201,370,401,'baja\nbaja 2019? No en COMET'),(290,0,'Alejo','Garcia Olivares','45284217','20030925',NULL,NULL,NULL,NULL,NULL,101,201,370,401,NULL),(291,0,'Pablo','Giergoff',NULL,NULL,NULL,NULL,NULL,NULL,NULL,101,201,370,402,'incorp 2019? No en COMET'),(292,0,'Milton','Gorriz',NULL,NULL,NULL,NULL,NULL,NULL,NULL,101,201,370,402,'incorp 2019? No en COMET'),(293,0,'Benjamin Guillermo','Lader','44961480','20030722',NULL,NULL,NULL,NULL,NULL,101,201,370,401,NULL),(294,0,'Joaquin','Langone',NULL,NULL,NULL,NULL,NULL,NULL,NULL,101,201,370,402,'ver'),(295,0,'Juan Manuel','Lanziano',NULL,'20030514',NULL,NULL,NULL,NULL,NULL,101,201,370,401,'inicio 2019'),(296,0,'Alfonso','Lopez Feybli','44823511','20030513',NULL,NULL,NULL,NULL,NULL,101,201,370,401,'baja\nbaja 2019? No en COMET'),(297,0,'Martino','Lunaschi','44785493','20030524',NULL,NULL,NULL,NULL,NULL,101,201,370,401,NULL),(298,0,'Alejo','Medina','44961450','20030918',NULL,NULL,NULL,NULL,NULL,101,201,370,401,'baja\nbaja 2019? No en COMET'),(299,0,'Mateo Leonel','Meleiro','44456958','20030108',NULL,NULL,NULL,NULL,NULL,101,201,370,401,NULL),(300,0,'Mateo','Messera',NULL,NULL,NULL,NULL,NULL,NULL,NULL,101,201,370,402,'incorp 2019? No en COMET'),(301,0,'Facundo','Moccia','44636425','20030211',NULL,NULL,NULL,NULL,NULL,101,201,370,401,'fichado 2019? No en COMET'),(302,0,'Ignacio','Montone','45356436','20031105',NULL,NULL,NULL,NULL,NULL,101,201,370,401,NULL),(303,0,'Manuel','Morales','45200897','20030919',NULL,NULL,NULL,NULL,NULL,101,201,370,401,'baja\nbaja 2019? No en COMET'),(304,0,'Santiago','Nihany','44650568','20030205',NULL,NULL,NULL,NULL,NULL,101,201,370,401,NULL),(305,0,'Franco','Peralta','44933897','20030313',NULL,NULL,NULL,NULL,NULL,101,201,370,401,'plan de pago  - lesion ausente'),(306,0,'Francisco','Pollono','44933873','20030715',NULL,NULL,NULL,NULL,NULL,101,201,370,401,NULL),(307,0,'Augusto','Ponton',NULL,NULL,NULL,NULL,NULL,NULL,NULL,101,201,370,402,'incorp 2019? No en COMET'),(308,0,'Pedro Salvador','Randrup','45284395','20031002',NULL,NULL,NULL,NULL,NULL,101,201,370,401,NULL),(309,0,'Pedro','Rojas','45037036','20031016',NULL,NULL,NULL,NULL,NULL,101,201,370,401,NULL),(310,0,'Gaspar','Sanchez','44677833','20030414',NULL,NULL,NULL,NULL,NULL,101,201,370,401,NULL),(311,0,'Nicolas','Serrano','45284476','20031024',NULL,NULL,NULL,NULL,NULL,101,201,370,401,NULL),(312,0,'Facundo','Tropiano','44725697','20030729',NULL,NULL,NULL,NULL,NULL,101,201,370,401,'baja\nbaja 2019 No en COMET'),(313,0,'Valentino','Vignales',NULL,NULL,NULL,NULL,NULL,NULL,NULL,101,201,370,402,'incorp 2019? No en COMET'),(314,0,'Juan Martin','Vivas','44666781','20030309',NULL,NULL,NULL,NULL,NULL,101,201,370,401,'baja 2019? No en COMET'),(315,0,'Alan','Abolio','44817722','20040112',NULL,NULL,NULL,NULL,NULL,101,201,370,401,'beca de oficio'),(316,0,'Yasset Roman','Acuna',NULL,'20041113',NULL,NULL,NULL,NULL,NULL,101,201,370,401,'incorp? Si en Comet'),(317,0,'Maximo','Alonso',NULL,NULL,NULL,NULL,NULL,NULL,NULL,101,201,370,402,'No en Comet'),(318,0,'Francisco','Ambrosetti','45613673','20040303',NULL,NULL,NULL,NULL,NULL,101,201,370,401,NULL),(319,0,'Lucas Paul','Arrosa','45609899','20040809',NULL,NULL,NULL,NULL,NULL,101,201,370,401,'ppt'),(320,0,'Juan Ignacio','Azconzabal',NULL,NULL,NULL,NULL,NULL,NULL,NULL,101,201,370,402,'No en Comet'),(321,0,'Simon','Berardi','45814650','20040729',NULL,NULL,NULL,NULL,NULL,101,201,370,401,NULL),(322,0,'Ramiro','Bungs','45494350','20040130',NULL,NULL,NULL,NULL,NULL,101,201,370,401,NULL),(323,0,'Lucio','Cantalupo','46193320','20041018',NULL,NULL,NULL,NULL,NULL,101,201,370,401,NULL),(324,0,'Facundo Cristian','De Barrio','46017664','20040818',NULL,NULL,NULL,NULL,NULL,101,201,370,401,'pago anual\npago anual'),(325,0,'Ignacio','Di Criscio','45499906','20040126',NULL,NULL,NULL,NULL,NULL,101,201,370,401,NULL),(326,0,'Ivan franco','Diaz','45571978','20040413',NULL,NULL,NULL,NULL,NULL,101,201,370,401,NULL),(327,0,'Lautaro Marcos','Diz','45913263','20040717',NULL,NULL,NULL,NULL,NULL,101,201,370,401,NULL),(328,0,'Juan pedro','Gialleonardo','45897625','20040614',NULL,NULL,NULL,NULL,NULL,101,201,370,401,'baja\nno en comet baja ago 2018'),(329,0,'Juan Tomas','Gialleonardo','45897624','20040614',NULL,NULL,NULL,NULL,NULL,101,201,370,401,NULL),(330,0,'Valentin','Gonzalez Datti','45913338','20040827',NULL,NULL,NULL,NULL,NULL,101,201,370,401,NULL),(331,0,'Faustino','Krupoviesa','45897714','20040613',NULL,NULL,NULL,NULL,NULL,101,201,370,401,'en 5ta s/ LAP'),(332,0,'Juan Manuel','Laggina','45737722','20040411',NULL,NULL,NULL,NULL,NULL,101,201,370,401,'beca\nbecado 100% 2018'),(333,0,'Francisco','Mazza',NULL,NULL,NULL,NULL,NULL,NULL,NULL,101,201,370,402,'plan/ppt\nver deuda 2018 - No en Comet'),(334,0,'Valentino','Moccia','45986344','20040727',NULL,NULL,NULL,NULL,NULL,101,201,370,401,NULL),(335,0,'Jose Martin','Molina Prozzi',NULL,NULL,NULL,NULL,NULL,NULL,NULL,101,201,370,402,'No en Comet'),(336,0,'Alexis','Morison',NULL,'20040606',NULL,NULL,NULL,NULL,NULL,101,201,370,401,'incio ?'),(337,0,'Ulises','Orrico Califano','46111953','20041007',NULL,NULL,NULL,NULL,NULL,101,201,370,401,NULL),(338,0,'Braian','Ortiguera','45908350','20040619',NULL,NULL,NULL,NULL,NULL,101,201,370,401,'no solicito tiene del 2018 100% de ofico'),(339,0,'Gonzalo raiquen','Pellegrini','45675345','20040506',NULL,NULL,NULL,NULL,NULL,101,201,370,401,'no solicito tiene del 2018 100% de ofico'),(340,0,'Bautista','Peres Lanatta','46111882','20041019',NULL,NULL,NULL,NULL,NULL,101,201,370,401,NULL),(341,0,'Nicolas','Perez',NULL,NULL,NULL,NULL,NULL,NULL,NULL,101,201,370,402,'baja\nbaja? No en Comet'),(342,0,'Lautaro Agustin','Pina','45609824','20040430',NULL,NULL,NULL,NULL,NULL,101,201,370,401,'bonif 50% en 2018'),(343,0,'Mateo','Pizzabiocca',NULL,NULL,NULL,NULL,NULL,NULL,NULL,101,201,370,402,'ver\nNo en Comet'),(344,0,'Cristian tobias','Pleimling','45497930','20040203',NULL,NULL,NULL,NULL,NULL,101,201,370,401,'beca'),(345,0,'Inaki','Robledo',NULL,NULL,NULL,NULL,NULL,NULL,NULL,101,201,370,402,'en listado No en Comet'),(346,0,'Juan Francisco','Ronconi','45897870','20040621',NULL,NULL,NULL,NULL,NULL,101,201,370,401,NULL),(347,0,'Alejo','Soiza','45913098','20040713',NULL,NULL,NULL,NULL,NULL,101,201,370,401,NULL),(348,0,'Santiago','Velarde','45609878','20040711',NULL,NULL,NULL,NULL,NULL,101,201,370,401,'baja\nbaja? No en Comet'),(349,0,'Facundo','Wertmuller','46111804','20041007',NULL,NULL,NULL,NULL,NULL,101,201,370,401,NULL),(350,0,'Agustin','Almada',NULL,NULL,NULL,NULL,NULL,NULL,NULL,101,201,370,404,'ppt\ninicio feb 2020'),(351,0,'Francisco','Borkowski','46701441','20050415',NULL,NULL,NULL,NULL,NULL,101,201,370,401,NULL),(352,0,'Tobias Ivan','Brime','46340447','20050301',NULL,NULL,NULL,NULL,NULL,101,201,370,401,'baja'),(353,0,'Blas','Brizzi','46628834','20050517',NULL,NULL,NULL,NULL,NULL,101,201,370,401,NULL),(354,0,'Franco','Busso',NULL,NULL,NULL,NULL,NULL,NULL,NULL,101,201,370,402,'inc 2019'),(355,0,'Agustin','Cabutti','46415080','20050102',NULL,NULL,NULL,NULL,NULL,101,201,370,401,NULL),(356,0,'Felipe','Campolietti','46435000','20050421',NULL,NULL,NULL,NULL,NULL,101,201,370,401,NULL),(357,0,'Felipe','Carressane','47020925','20050421',NULL,NULL,NULL,NULL,NULL,101,201,370,401,NULL),(358,0,'Isidoro Raul','Das Neves Vargues','46415483','20050130',NULL,NULL,NULL,NULL,NULL,101,201,370,401,NULL),(359,0,'Ramiro','Fernandez',NULL,NULL,NULL,NULL,NULL,NULL,NULL,101,201,370,402,'baja\nalta jul/18?'),(360,0,'Gonzalo','Guerrico','46434510','20050221',NULL,NULL,NULL,NULL,NULL,101,201,370,401,NULL),(361,0,'Rafael','Lemos Arias','46908957','20050901',NULL,NULL,NULL,NULL,NULL,101,201,370,401,NULL),(362,0,'Santiago','Maciel',NULL,NULL,NULL,NULL,NULL,NULL,NULL,101,201,370,402,NULL),(363,0,'Tiziano','Monti','46908801','20050805',NULL,NULL,NULL,NULL,NULL,101,201,370,401,NULL),(364,0,'Lorenzo','Moradas','46340467','20050316',NULL,NULL,NULL,NULL,NULL,101,201,370,401,'baja?'),(365,0,'Santino','Musciatti','46434864','20050409',NULL,NULL,NULL,NULL,NULL,101,201,370,401,NULL),(366,0,'Ezequiel Matias','Nano','46737647','20050719',NULL,NULL,NULL,NULL,NULL,101,201,370,401,'becado - no solicito para 2019'),(367,0,'Gian Luca','Perrozzi',NULL,NULL,NULL,NULL,NULL,NULL,NULL,101,201,370,402,'ver\ninc 2019'),(368,0,'Manuel','Pozo Marcolla','46415264','20050208',NULL,NULL,NULL,NULL,NULL,101,201,370,401,NULL),(369,0,'Felipe','Prozzi','46829793','20050928',NULL,NULL,NULL,NULL,NULL,101,201,370,401,'pago anual'),(370,0,'Santino','Puga','46566409','20050414',NULL,NULL,NULL,NULL,NULL,101,201,370,401,NULL),(371,0,'Juan Pedro','Rimoldi',NULL,NULL,NULL,NULL,NULL,NULL,NULL,101,201,370,404,NULL),(372,0,'Ignacio','Rivera','46566428','20050526',NULL,NULL,NULL,NULL,NULL,101,201,370,401,NULL),(373,0,'Santiago Valentin','Rodriguez','46415384','20050224',NULL,NULL,NULL,NULL,NULL,101,201,370,401,NULL),(374,0,'Bautista','Sharry','46340655','20050331',NULL,NULL,NULL,NULL,NULL,101,201,370,401,NULL),(375,0,'Joaquin','Siri',NULL,NULL,NULL,NULL,NULL,NULL,NULL,101,201,370,402,NULL),(376,0,'Gabriel Natanael','Sosa','46569651','20050420',NULL,NULL,NULL,NULL,NULL,101,201,370,401,NULL),(377,0,'Franco','Sulekin','46268162','20050308',NULL,NULL,NULL,NULL,NULL,101,201,370,401,'baja\nbaja?'),(378,0,'Facundo','Violini','46738018','20050527',NULL,NULL,NULL,NULL,NULL,101,201,370,401,NULL),(379,0,'Joaquin','Aletti','47091426','20060105',NULL,NULL,NULL,NULL,NULL,101,201,370,401,NULL),(380,0,'Franco','Aquino Mendez','47476246','20060802',NULL,NULL,NULL,NULL,NULL,101,201,370,401,'becado 2018'),(381,0,'Tomas','Arana','47517269','20061229',NULL,NULL,NULL,NULL,NULL,101,201,370,401,NULL),(382,0,'Sandino','Baylon','47562028','20060922',NULL,NULL,NULL,NULL,NULL,101,201,370,401,NULL),(383,0,'Ramiro','Bosio',NULL,NULL,NULL,NULL,NULL,NULL,NULL,101,201,370,402,'inc 2019'),(384,0,'Juan Ignacio','Bruera',NULL,NULL,NULL,NULL,NULL,NULL,NULL,101,201,370,404,'Inicio febrero 2020'),(385,0,'Fausto','Campano','47310779','20060703',NULL,NULL,NULL,NULL,NULL,101,201,370,401,NULL),(386,0,'Benjamin','Cerda','47158722','20060330',NULL,NULL,NULL,NULL,NULL,101,201,370,401,NULL),(387,0,'Bruno','Esayan','47517264','20061202',NULL,NULL,NULL,NULL,NULL,101,201,370,401,'ppt\npago anual'),(388,0,'Ivo','Ferreyra','47417140','20060721',NULL,NULL,NULL,NULL,NULL,101,201,370,401,NULL),(389,0,'Gregorio','Gasparri','47644681','20061002',NULL,NULL,NULL,NULL,NULL,101,201,370,401,NULL),(390,0,'Marcos','Gerardi',NULL,NULL,NULL,NULL,NULL,NULL,NULL,101,201,370,404,'Inicio Nov 2019'),(391,0,'Franco','Ghiorzi',NULL,NULL,NULL,NULL,NULL,NULL,NULL,101,201,370,402,'inc 2019'),(392,0,'Juan Agustin','Gialleonardo','47310734','20060623',NULL,NULL,NULL,NULL,NULL,101,201,370,401,NULL),(393,0,'Joaquin','Gonzalez',NULL,NULL,NULL,NULL,NULL,NULL,NULL,101,201,370,402,NULL),(394,0,'Inaki','Jorajuria','47310487','20060504',NULL,NULL,NULL,NULL,NULL,101,201,370,401,'pago anual\npago $ 8.500 a Sergio y $ 1.000 por PPT\npago anual'),(395,0,'Lucas','Malaret','47215794','20060330',NULL,NULL,NULL,NULL,NULL,101,201,370,401,'baja\nbaja?'),(396,0,'Inaki','Medina','47054597','20060214',NULL,NULL,NULL,NULL,NULL,101,201,370,401,'bonif 50% - baja?'),(397,0,'Thiago','Mendizabal',NULL,NULL,NULL,NULL,NULL,NULL,NULL,101,201,370,402,'inc 2019'),(398,0,'Mateo','Mostacchio','47310681','20060616',NULL,NULL,NULL,NULL,NULL,101,201,370,401,NULL),(399,0,'Santiago','Pesce','47482222','20060816',NULL,NULL,NULL,NULL,NULL,101,201,370,401,NULL),(400,0,'Agustin','Pinto',NULL,NULL,NULL,NULL,NULL,NULL,NULL,101,201,370,404,'Inicio mediados febrero 2020'),(401,0,'Antonio','Preziuso','47417439','20060926',NULL,NULL,NULL,NULL,NULL,101,201,370,401,NULL),(402,0,'Tiziano','Rocco','47417165','20060704',NULL,NULL,NULL,NULL,NULL,101,201,370,401,NULL),(403,0,'Ignacio','San Martin',NULL,NULL,NULL,NULL,NULL,NULL,NULL,101,201,370,402,'ppt'),(404,0,'Tomas','San Martin',NULL,NULL,NULL,NULL,NULL,NULL,NULL,101,201,370,402,'ppt'),(405,0,'Federico','Schuttenberg','47091459','20060222',NULL,NULL,NULL,NULL,NULL,101,201,370,401,NULL),(406,0,'Matias','Sharry',NULL,NULL,NULL,NULL,NULL,NULL,NULL,101,201,370,402,NULL),(407,0,'Juan cruz','Simonte','47310843','20060627',NULL,NULL,NULL,NULL,NULL,101,201,370,401,NULL),(408,0,'Tomas','Velasco','47310512','20060521',NULL,NULL,NULL,NULL,NULL,101,201,370,401,'pago anual\npago anual'),(409,0,'Tobias','Vidal','47237803','20060420',NULL,NULL,NULL,NULL,NULL,101,201,370,401,NULL),(410,0,'Agustin','Aloisio',NULL,NULL,NULL,NULL,NULL,NULL,NULL,101,201,370,402,'beca a partir de ago19'),(411,0,'Santiago','Alvira','28224113','20070729',NULL,NULL,NULL,NULL,NULL,101,201,370,401,NULL),(412,0,'Agustin Roman','Angeloni',NULL,NULL,NULL,NULL,NULL,NULL,NULL,101,201,370,402,NULL),(413,0,'Valentino','Balbin','48430801','20071130',NULL,NULL,NULL,NULL,NULL,101,201,370,401,NULL),(414,0,'Juan Manuel','Bejaran',NULL,NULL,NULL,NULL,NULL,NULL,NULL,101,201,370,402,NULL),(415,0,'Luca','Bernardi','48303497','20071001',NULL,NULL,NULL,NULL,NULL,101,201,370,401,NULL),(416,0,'Santino','Borgarelli','48509016','20071221',NULL,NULL,NULL,NULL,NULL,101,201,370,401,'plan\nDT padre femenino'),(417,0,'Federico','Botargues',NULL,NULL,NULL,NULL,NULL,NULL,NULL,101,201,370,402,'inicio mar 2019'),(418,0,'Julian','Bugallo','48168706','20070727',NULL,NULL,NULL,NULL,NULL,101,201,370,401,'ppt'),(419,0,'Sebastian','Cabutti','48168928','20070607',NULL,NULL,NULL,NULL,NULL,101,201,370,401,NULL),(420,0,'Lucio','Caceres Prates',NULL,NULL,NULL,NULL,NULL,NULL,NULL,101,201,370,402,'incio sp 18'),(421,0,'Benjamin joaquin','Colque','48168265','20070725',NULL,NULL,NULL,NULL,NULL,101,201,370,401,'becado 2018'),(422,0,'Fidel','Damonte','48509466','20080123',NULL,NULL,NULL,NULL,NULL,101,201,370,401,'en 2007 s/LAP'),(423,0,'Laureano','De Caro',NULL,NULL,NULL,NULL,NULL,NULL,NULL,101,201,370,402,'hermanos x 3'),(424,0,'Valentino','De Caro',NULL,NULL,NULL,NULL,NULL,NULL,NULL,101,201,370,402,'hermanos x 3'),(425,0,'Ivo','Escujuri','47747991','20070325',NULL,NULL,NULL,NULL,NULL,101,201,370,401,NULL),(426,0,'Bautista','Formigo','48215674','20071025',NULL,NULL,NULL,NULL,NULL,101,201,370,401,NULL),(427,0,'Fabrizio','Fortiez',NULL,NULL,NULL,NULL,NULL,NULL,NULL,101,201,370,402,NULL),(428,0,'Santino Gael','Gallardo','48377422','20071114',NULL,NULL,NULL,NULL,NULL,101,201,370,401,NULL),(429,0,'Matias Agustin','Ledesma','47788842','20070401',NULL,NULL,NULL,NULL,NULL,101,201,370,401,NULL),(430,0,'Matias','Margasin',NULL,NULL,NULL,NULL,NULL,NULL,NULL,101,201,370,402,'inicio mar 2019'),(431,0,'Santiago','Martini','48303882','20070908',NULL,NULL,NULL,NULL,NULL,101,201,370,401,'ver'),(432,0,'Juan Pedro','Massera','48057650','20070829',NULL,NULL,NULL,NULL,NULL,101,201,370,401,NULL),(433,0,'Bautista','Mena Baez',NULL,NULL,NULL,NULL,NULL,NULL,NULL,101,201,370,402,'inicio mar 2019'),(434,0,'Simon','Moraez',NULL,NULL,NULL,NULL,NULL,NULL,NULL,101,201,370,404,'inicio fines agosto 2019'),(435,0,'Axel','Morales Nadir','48167708','20070804',NULL,NULL,NULL,NULL,NULL,101,201,370,401,'becado 2018'),(436,0,'Lautaro','Nicora',NULL,NULL,NULL,NULL,NULL,NULL,NULL,101,201,370,402,NULL),(437,0,'Joaquin','Pazos',NULL,NULL,NULL,NULL,NULL,NULL,NULL,101,201,370,402,'baja\nescuelita'),(438,0,'Marcelo jose','Rodriguez Pastrano','94652344','20070311',NULL,NULL,NULL,NULL,NULL,101,201,370,401,NULL),(439,0,'Benicio','Rojas',NULL,NULL,NULL,NULL,NULL,NULL,NULL,101,201,370,404,'inicio marzo 2020'),(440,0,'Santiago','Romano','47858158','20070401',NULL,NULL,NULL,NULL,NULL,101,201,370,401,NULL),(441,0,'Bautista','Ruggero',NULL,NULL,NULL,NULL,NULL,NULL,NULL,101,201,370,402,'ver'),(442,0,'Santino','Vattiato Triosi','48024649','20070416',NULL,NULL,NULL,NULL,NULL,101,201,370,401,NULL),(443,0,'Mauro','Verdun',NULL,NULL,NULL,NULL,NULL,NULL,NULL,101,201,370,402,'escuelita inicio jun 18'),(444,0,'Lautaro','Vivas','47517280','20070117',NULL,NULL,NULL,NULL,NULL,101,201,370,401,NULL),(445,0,'Benjamin','Caetano','49115609','20081110',NULL,NULL,NULL,NULL,NULL,101,201,370,401,NULL),(446,0,'Thiago','Casagrande','48922758','20081007',NULL,NULL,NULL,NULL,NULL,101,201,370,401,NULL),(447,0,'Bautista','Cercato','48698252','20080414',NULL,NULL,NULL,NULL,NULL,101,201,370,401,NULL),(448,0,'Bautista','Chaparro',NULL,NULL,NULL,NULL,NULL,NULL,NULL,101,201,370,406,NULL),(449,0,'Pedro','Cisneros','48922026','20080623',NULL,NULL,NULL,NULL,NULL,101,201,370,401,NULL),(450,0,'Marcos Wenceslao','Diaz','46990586','20080512',NULL,NULL,NULL,NULL,NULL,101,201,370,401,NULL),(451,0,'Maximiliano','Ferreyra',NULL,NULL,NULL,NULL,NULL,NULL,NULL,101,201,370,404,'baja\nbecado 100% 2018'),(452,0,'Blas','Genovart',NULL,NULL,NULL,NULL,NULL,NULL,NULL,101,201,370,404,'Inicio'),(453,0,'Alejo','Gonzalez',NULL,NULL,NULL,NULL,NULL,NULL,NULL,101,201,370,406,NULL),(454,0,'Juan Franco','Guarnieri',NULL,NULL,NULL,NULL,NULL,NULL,NULL,101,201,370,402,'baja\ninicio Ago/18 escuelita'),(455,0,'Joaquin','Lavigne',NULL,NULL,NULL,NULL,NULL,NULL,NULL,101,201,370,404,NULL),(456,0,'Manuel','Lemos Arias','49053425','20081007',NULL,NULL,NULL,NULL,NULL,101,201,370,401,NULL),(457,0,'Ramon','Lopez Lolli','49172956','20081220',NULL,NULL,NULL,NULL,NULL,101,201,370,401,'ppt'),(458,0,'Marcos','Marino Monje','48938053','20080729',NULL,NULL,NULL,NULL,NULL,101,201,370,401,'pago anual'),(459,0,'Georgio','Mondino','48938384','20080910',NULL,NULL,NULL,NULL,NULL,101,201,370,401,'baja\nbaja'),(460,0,'Luca','Oppici','48938384','20080910',NULL,NULL,NULL,NULL,NULL,101,201,370,401,'ppt'),(461,0,'Pedro','Osan','49053359','20081001',NULL,NULL,NULL,NULL,NULL,101,201,370,401,NULL),(462,0,'Agustin','Pederzoli Cioffi','48849201','20080702',NULL,NULL,NULL,NULL,NULL,101,201,370,401,NULL),(463,0,'Valentino','Primante','48922062','20080627',NULL,NULL,NULL,NULL,NULL,101,201,370,401,NULL),(464,0,'Alejo','Radiechi',NULL,NULL,NULL,NULL,NULL,NULL,NULL,101,201,370,402,'baja\ninicio Sep/18'),(465,0,'Franco','Restibo',NULL,NULL,NULL,NULL,NULL,NULL,NULL,101,201,370,402,NULL),(466,0,'Facundo','Rivademar','48440076','20080416',NULL,NULL,NULL,NULL,NULL,101,201,370,401,NULL),(467,0,'Daniel','Rodriguez','48841849','20080701',NULL,NULL,NULL,NULL,NULL,101,201,370,401,NULL),(468,0,'Felipe','Romero Olmo','48938100','20080721',NULL,NULL,NULL,NULL,NULL,101,201,370,401,NULL),(469,0,'Jeronimo','Chaves','42042571','19990706',NULL,NULL,NULL,NULL,NULL,101,201,360,401,'DT'),(470,0,'Agustin','Amoroso',NULL,NULL,NULL,NULL,NULL,NULL,NULL,101,201,360,402,'baja'),(471,0,'Juan','Barbona',NULL,NULL,NULL,NULL,NULL,NULL,NULL,101,201,360,402,'baja'),(472,0,'Johan','Bejarano',NULL,NULL,NULL,NULL,NULL,NULL,NULL,101,201,360,402,'baja'),(473,0,'Mauro','Benitez',NULL,NULL,NULL,NULL,NULL,NULL,NULL,101,201,360,402,'baja\nplan de pago $ 900 x mes'),(474,0,'Agustin Dario','Berra','41310803','19980718',NULL,NULL,NULL,NULL,NULL,101,201,360,401,'n/p\nDT'),(475,0,'Jeronimo','Casas','39151054','19951001',NULL,NULL,NULL,NULL,NULL,101,201,360,401,'pago anual'),(476,0,'Bruno','Castiglione',NULL,'19980407',NULL,NULL,NULL,NULL,NULL,101,201,360,402,'baja'),(477,0,'Martin','Chauchard','39872038','19961003',NULL,NULL,NULL,NULL,NULL,101,201,360,401,NULL),(478,0,'Augusto','Delgado',NULL,NULL,NULL,NULL,NULL,NULL,NULL,101,201,360,402,NULL),(479,0,'Ariel Nicolas','Ferreyra',NULL,NULL,NULL,NULL,NULL,NULL,NULL,101,201,360,402,'baja'),(480,0,'Guido','Focaccia','34529620','19890924',NULL,NULL,NULL,NULL,NULL,101,201,360,401,'plan de pago 4 cuotas $2200 x3 + 1  $2150 esta habilitado para jugar mientras cumpla el Plan de pago'),(481,0,'Diego','Frias',NULL,NULL,NULL,NULL,NULL,NULL,NULL,101,201,360,402,'baja'),(482,0,'Mateo','Galizia','40667090','19970920',NULL,NULL,NULL,NULL,NULL,101,201,360,401,NULL),(483,0,'Tomas','Grisolia',NULL,NULL,NULL,NULL,NULL,NULL,NULL,101,201,360,402,'baja'),(484,0,'Agustin','Herrera',NULL,NULL,NULL,NULL,NULL,NULL,NULL,101,201,360,402,'baja'),(485,0,'Toan','Kaneco',NULL,NULL,NULL,NULL,NULL,NULL,NULL,101,201,360,402,NULL),(486,0,'Juan','Mendicino','38706989','19950127',NULL,NULL,NULL,NULL,NULL,101,201,360,401,NULL),(487,0,'Juan Bautista','Orazi',NULL,NULL,NULL,NULL,NULL,NULL,NULL,101,201,360,402,'n/p\ncoordinador Juveniles'),(488,0,'Lucas','Pascal','42291221','19991220',NULL,NULL,NULL,NULL,NULL,101,201,360,401,'DT inf ver con Sergio Deuda 2017'),(489,0,'Mauro','Plastino','40062037','19961126',NULL,NULL,NULL,NULL,NULL,101,201,360,401,'baja'),(490,0,'Nicolas','Prietto','39831254','19960902',NULL,NULL,NULL,NULL,NULL,101,201,360,401,NULL),(491,0,'Benjamin Gaston','Sastre','41140247','19980522',NULL,NULL,NULL,NULL,NULL,101,201,360,401,'baja'),(492,0,'Valentin','Sharry','41857783','19990810',NULL,NULL,NULL,NULL,NULL,101,201,360,401,'baja'),(493,0,'Emanuel Alejandro','Solis','40424493','19970425',NULL,NULL,NULL,NULL,NULL,101,201,360,401,'baja\nbecado 2018 sigue de oficio'),(494,0,'Juan Martin','Sorarrain','41883907','19990412',NULL,NULL,NULL,NULL,NULL,101,201,360,401,'n/p\nDT'),(495,0,'Mariano','Tiveron','38696368','19941122',NULL,NULL,NULL,NULL,NULL,101,201,360,401,NULL),(496,0,'Jorge Alejandro','Vidal','34492681','19890418',NULL,NULL,NULL,NULL,NULL,101,201,360,401,NULL),(497,0,'Lisandro','Violini','39762460','19960713',NULL,NULL,NULL,NULL,NULL,101,201,360,401,'n/p\nDT'),(498,0,'Justo','Ferella','42291175','19991226',NULL,NULL,NULL,NULL,NULL,101,201,360,401,'baja\nDT?'),(499,0,'Augusto Marcelo','Arturi','42195839','19991020',NULL,NULL,NULL,NULL,NULL,101,201,360,401,NULL),(500,0,'Tomas','Barberis','40895559','19980108',NULL,NULL,NULL,NULL,NULL,101,201,360,401,'baja\nplan de pago 4 cuotas $2200 x3 + 1  $2300 esta habilitado para jugar mientras cumpla el Plan de pago'),(501,0,'Justo','Berardi','39671102','19960514',NULL,NULL,NULL,NULL,NULL,101,201,360,401,NULL),(502,0,'Augusto','Burgos','31301740','19850219',NULL,NULL,NULL,NULL,NULL,101,201,360,401,'beca a partir de mayo'),(503,0,'Guido','Cantalupo','39554880','19960404',NULL,NULL,NULL,NULL,NULL,101,201,360,401,NULL),(504,0,'Lautaro tomas','Casanovas','41457615','19981005',NULL,NULL,NULL,NULL,NULL,101,201,360,401,NULL),(505,0,'Geronimo','Croce','34513685','19890518',NULL,NULL,NULL,NULL,NULL,101,201,360,401,NULL),(506,0,'Ezequiel','D\'alessandro','38298389','19940518',NULL,NULL,NULL,NULL,NULL,101,201,360,401,'baja\npago anual'),(507,0,'Juan Bautista','D\'alessandro','39872098','19960924',NULL,NULL,NULL,NULL,NULL,101,201,360,401,NULL),(508,0,'Fermin','Esquioga','35179784','19900322',NULL,NULL,NULL,NULL,NULL,101,201,360,401,'baja\npago anual'),(509,0,'Gonzalo','Galli','41207468','19980709',NULL,NULL,NULL,NULL,NULL,101,201,360,401,'baja\nnuevo?'),(510,0,'Nicolas','Garcia Campodonico',NULL,NULL,NULL,NULL,NULL,NULL,NULL,101,201,360,402,'baja'),(511,0,'Franco','Granieri','38691607','19941128',NULL,NULL,NULL,NULL,NULL,101,201,360,401,'n/p\nDT'),(512,0,'Juan Manuel','Jerez','39597800','19960530',NULL,NULL,NULL,NULL,NULL,101,201,360,401,NULL),(513,0,'Diego Nicolas','Lacerra','38629886','19941124',NULL,NULL,NULL,NULL,NULL,101,201,360,401,'baja\nincorporacion beca 2018'),(514,0,'Julian','Loyola','41207105','19980530',NULL,NULL,NULL,NULL,NULL,101,201,360,401,'baja'),(515,0,'Francisco','Loyola','41207104','19980530',NULL,NULL,NULL,NULL,NULL,101,201,360,401,NULL),(516,0,'Francisco','Mendicino','37423393','19930303',NULL,NULL,NULL,NULL,NULL,101,201,360,401,NULL),(517,0,'Matias','Miro',NULL,NULL,NULL,NULL,NULL,NULL,NULL,101,201,360,402,'baja'),(518,0,'Tomas','Molinuevo','39150842','19950921',NULL,NULL,NULL,NULL,NULL,101,201,360,401,'n/p\ncoordinador Juveniles\nDT Juv'),(519,0,'Manuel','Pascua','40489882','19970525',NULL,NULL,NULL,NULL,NULL,101,201,360,401,'baja\nDT'),(520,0,'Santiago','Ramos','40424504','19970411',NULL,NULL,NULL,NULL,NULL,101,201,360,401,'DT'),(521,0,'Tomas','Rodriguez','39597595','19960505',NULL,NULL,NULL,NULL,NULL,101,201,360,401,'baja'),(522,0,'Joaquin','Sanchez','41168975','19990330',NULL,NULL,NULL,NULL,NULL,101,201,360,401,NULL),(523,0,'Gabriel Fernando','Spina','31301686','19850318',NULL,NULL,NULL,NULL,NULL,101,201,360,401,'incorporacion'),(524,0,'Joaquin','Wertmuller',NULL,NULL,NULL,NULL,NULL,NULL,NULL,101,201,360,404,'inicio feb 2020'),(525,0,'Lucas','Acacio','42675088','20000522',NULL,NULL,NULL,NULL,NULL,101,201,360,401,NULL),(526,0,'Diego Armando','Alvarez','42392613','20000130',NULL,NULL,NULL,NULL,NULL,101,201,360,401,'n/p\nDT 2018'),(527,0,'Kevin','Aubert','42881257','20000813',NULL,NULL,NULL,NULL,NULL,101,201,360,401,'plan de pago\n$1000 x mes de mar a ene 2020'),(528,0,'Emilio','Bibbo Rulli','42392718','20000508',NULL,NULL,NULL,NULL,NULL,101,201,360,402,'inc 2019'),(529,0,'Francisco','Biffi','42174156','20000609',NULL,NULL,NULL,NULL,NULL,101,201,360,401,'nuevo?'),(530,0,'Francisco','Chauchard','42392933','20000215',NULL,NULL,NULL,NULL,NULL,101,201,360,401,NULL),(531,0,'Valentin','De Barrio','42428719','20000409',NULL,NULL,NULL,NULL,NULL,101,201,360,401,'n/p\nDT'),(532,0,'Gonzalo','Dente','42881842','20000723',NULL,NULL,NULL,NULL,NULL,101,201,360,401,NULL),(533,0,'Joaquin','Herrero Carre','42536038','20000319',NULL,NULL,NULL,NULL,NULL,101,201,360,401,NULL),(534,0,'Pedro','Mondino','42941900','20000929',NULL,NULL,NULL,NULL,NULL,101,201,360,401,'n/p\nprofe'),(535,0,'Nicolas','Pereda','42535928','20000523',NULL,NULL,NULL,NULL,NULL,101,201,360,401,NULL),(536,0,'Nicolas','Perez',NULL,NULL,NULL,NULL,NULL,NULL,NULL,101,201,360,402,'inc 2019'),(537,0,'Valentin','Prada','42827310','20000705',NULL,NULL,NULL,NULL,NULL,101,201,360,401,NULL),(538,0,'Luca','Alconcher','43738223','20010924',NULL,NULL,NULL,NULL,NULL,101,201,360,401,NULL),(539,0,'Bautista','Angelini','43805615','20011101',NULL,NULL,NULL,NULL,NULL,101,201,360,401,'baja'),(540,0,'Octavio','Arturi','43903431','20020115',NULL,NULL,NULL,NULL,NULL,101,201,360,401,'colaborardoe 1/2 beca'),(541,0,'Enzo Francisco','Battista','43857407','20011125',NULL,NULL,NULL,NULL,NULL,101,201,360,401,'baja'),(542,0,'Mateo','Beltran','43178710','20010125',NULL,NULL,NULL,NULL,NULL,101,201,360,401,NULL),(543,0,'Filiberto Rodrigo','Benitez','43103652','20010205',NULL,NULL,NULL,NULL,NULL,101,201,360,401,'baja'),(544,0,'Ignacio','Borzone','43600337','20010805',NULL,NULL,NULL,NULL,NULL,101,201,360,401,'baja'),(545,0,'Lucas','Bustamante',NULL,NULL,NULL,NULL,NULL,NULL,NULL,101,201,360,402,NULL),(546,0,'Alejo','Cantarini',NULL,NULL,NULL,NULL,NULL,NULL,NULL,101,201,360,402,NULL),(547,0,'Mateo','Croveto','43781152','20011025',NULL,NULL,NULL,NULL,NULL,101,201,360,401,'colaborardoe 1/2 beca'),(548,0,'Gabriel Omar','Diaz','43259475','20010714',NULL,NULL,NULL,NULL,NULL,101,201,360,401,'baja'),(549,0,'Pedro','Dominguez','43397722','20010509',NULL,NULL,NULL,NULL,NULL,101,201,360,401,'baja\npago anual'),(550,0,'Agustin','Escujuri','43184398','20010428',NULL,NULL,NULL,NULL,NULL,101,201,360,401,'baja\nplan de pago'),(551,0,'Lucas','Fernandez Echarren','43719092','20011010',NULL,NULL,NULL,NULL,NULL,101,201,360,401,'baja'),(552,0,'Juan Segundo','Gascon','43184337','20010321',NULL,NULL,NULL,NULL,NULL,101,201,360,401,'baja\nplan de pago'),(553,0,'Jose','Giergoff','43471770','20010616',NULL,NULL,NULL,NULL,NULL,101,201,360,401,NULL),(554,0,'Pedro','Ilid','43738393','20011028',NULL,NULL,NULL,NULL,NULL,101,201,360,401,'baja\nlesion ?'),(555,0,'Tomas','Lopez Andrade','43731643','20011024',NULL,NULL,NULL,NULL,NULL,101,201,360,401,'baja\nincorporacion ago/18?'),(556,0,'Geronimo Ezequiel','Montagna','43178916','20010103',NULL,NULL,NULL,NULL,NULL,101,201,360,401,'se becara desde marzo 100%'),(557,0,'Bruno','Sharry','43320199','20010915',NULL,NULL,NULL,NULL,NULL,101,201,360,401,NULL),(558,0,'Franco','Tizzano','43588009','20010715',NULL,NULL,NULL,NULL,NULL,101,201,360,401,'baja'),(559,0,'Antonio','Torres','43254907','20010323',NULL,NULL,NULL,NULL,NULL,101,201,360,401,'plan de pago 1500 oct nov dic'),(560,0,'Manuel Valentin','Vena','43520517','20010824',NULL,NULL,NULL,NULL,NULL,101,201,360,401,'baja'),(561,0,'Sebastian','Vidal','43738429','20011015',NULL,NULL,NULL,NULL,NULL,101,201,360,402,'inc mar'),(562,0,'Gustavo','Acevedo','44215952','20020812',NULL,NULL,NULL,NULL,NULL,101,201,360,401,'bonif 50%'),(563,0,'Aron Idelmar','Acuna','43870473','20020321',NULL,NULL,NULL,NULL,NULL,101,201,360,401,'becado'),(564,0,'Ezequiel','Bordoy','44092520','20020812',NULL,NULL,NULL,NULL,NULL,101,201,360,401,NULL),(565,0,'Manuel','Botargues','44425884','20021028',NULL,NULL,NULL,NULL,NULL,101,201,360,401,NULL),(566,0,'Francisco','Cavallaro','44044790','20020314',NULL,NULL,NULL,NULL,NULL,101,201,360,401,NULL),(567,0,'Ignacio','Cerda',NULL,NULL,NULL,NULL,NULL,NULL,NULL,101,201,360,402,NULL),(568,0,'Juan Ignacio','Cirnigliaro',NULL,NULL,NULL,NULL,NULL,NULL,NULL,101,201,360,402,NULL),(569,0,'Fernando','De Caro',NULL,NULL,NULL,NULL,NULL,NULL,NULL,101,201,360,402,NULL),(570,0,'Fausto','Faiazzo','44093824','20020520',NULL,NULL,NULL,NULL,NULL,101,201,360,401,NULL),(571,0,'Santino','Ferrari','44519505','20020929',NULL,NULL,NULL,NULL,NULL,101,201,360,401,NULL),(572,0,'Bruno','Gerez','44650815','20021120',NULL,NULL,NULL,NULL,NULL,101,201,360,401,NULL),(573,0,'Juan Bautista','Gialleonardo','44110111','20020424',NULL,NULL,NULL,NULL,NULL,101,201,360,401,NULL),(574,0,'Joaquin','Grossi','43860237','20020118',NULL,NULL,NULL,NULL,NULL,101,201,360,401,NULL),(575,0,'Nicolas','Hongay','44519820','20021117',NULL,NULL,NULL,NULL,NULL,101,201,360,401,NULL),(576,0,'Tomas','Lader','44356555','20021104',NULL,NULL,NULL,NULL,NULL,101,201,360,401,NULL),(577,0,'Martin','Leban','43903420','20020110',NULL,NULL,NULL,NULL,NULL,101,201,360,401,NULL),(578,0,'Lucio','Mamblona','44425686','20020924',NULL,NULL,NULL,NULL,NULL,101,201,360,401,NULL),(579,0,'Maximo','Marafuschi','44425921','20021020',NULL,NULL,NULL,NULL,NULL,101,201,360,401,NULL),(580,0,'Valentin','Micheo','44519765','20021126',NULL,NULL,NULL,NULL,NULL,101,201,360,401,NULL),(581,0,'Nicolas','Mon','44006910','20020410',NULL,NULL,NULL,NULL,NULL,101,201,360,401,NULL),(582,0,'Valentin','Rodriguez','44425790','20021017',NULL,NULL,NULL,NULL,NULL,101,201,360,401,'becado 2018'),(583,0,'Manuel','Rojas','43860077','20020103',NULL,NULL,NULL,NULL,NULL,101,201,360,401,NULL),(584,0,'Gaspar','Salomon','43922635','20020314',NULL,NULL,NULL,NULL,NULL,101,201,360,401,'ver ausente'),(585,0,'Santiago Ariel','Saucedo Torres','44356527','20021015',NULL,NULL,NULL,NULL,NULL,101,201,360,401,NULL),(586,0,'Lautaro','Victorio','43857461','20020228',NULL,NULL,NULL,NULL,NULL,101,201,360,401,NULL),(587,0,'Andres','Vizcay','44044927','20020322',NULL,NULL,NULL,NULL,NULL,101,201,360,401,NULL),(588,0,'Ignacio','Zampa','44587294','20021216',NULL,NULL,NULL,NULL,NULL,101,201,360,401,NULL),(589,0,'Ronald','Bernal','12584373','19991025',NULL,NULL,NULL,NULL,NULL,101,201,360,401,'baja\nDT'),(590,0,'Bruno','Cantalupo','42255818','19991112',NULL,NULL,NULL,NULL,NULL,101,201,360,401,'baja'),(591,0,'Juan Blas','Di Virgilio','42675300','20000630',NULL,NULL,NULL,NULL,NULL,101,201,360,401,'baja'),(592,0,'Francisco','Fernandez','42881840','20000809',NULL,NULL,NULL,NULL,NULL,101,201,360,401,'baja'),(593,0,'Santiago','Pescatori','42941836','20000916',NULL,NULL,NULL,NULL,NULL,101,201,360,401,'baja\nDT hasta Julio 2018'),(594,0,'Mateo','Roncagliolo','42435708','20000805',NULL,NULL,NULL,NULL,NULL,101,201,360,401,'baja'),(595,0,'Franco','Santangelo','42281864','19991211',NULL,NULL,NULL,NULL,NULL,101,201,360,401,'baja'),(596,0,'Marcos','Abbot',NULL,NULL,NULL,NULL,NULL,NULL,NULL,101,201,360,402,'baja'),(597,0,'Marcos Andres','Abolio',NULL,NULL,NULL,NULL,NULL,NULL,NULL,101,201,360,402,'n/p\nDT juv'),(598,0,'Fernando','Abrantes',NULL,NULL,NULL,NULL,NULL,NULL,NULL,101,201,360,402,'comienzo marzo\nentrenamiento inic abril/19'),(599,0,'Diego','Alvarez','26851043','19780810',NULL,NULL,NULL,NULL,NULL,101,201,360,401,'baja'),(600,0,'Martin','Balatti',NULL,NULL,NULL,NULL,NULL,NULL,NULL,101,201,360,404,'Inicio feb 2020'),(601,0,'Juan','Bruera','26539233','19780303',NULL,NULL,NULL,NULL,NULL,101,201,360,401,NULL),(602,0,'Emanuel Santos','Cantou',NULL,NULL,NULL,NULL,NULL,NULL,NULL,101,201,360,402,'baja'),(603,0,'Diego','Cardo','29485321','19820510',NULL,NULL,NULL,NULL,NULL,101,201,360,401,NULL),(604,0,'Dante','Casagrande',NULL,NULL,NULL,NULL,NULL,NULL,NULL,101,201,360,402,NULL),(605,0,'Nicolas Javier','Casal',NULL,NULL,NULL,NULL,NULL,NULL,NULL,101,201,360,402,NULL),(606,0,'Pablo Federico','Chavero','29371939','19820317',NULL,NULL,NULL,NULL,NULL,101,201,360,401,NULL),(607,0,'Javier','Contin',NULL,NULL,NULL,NULL,NULL,NULL,NULL,101,201,360,402,NULL),(608,0,'Tomas','Corsiglia','26429955','19780309',NULL,NULL,NULL,NULL,NULL,101,201,360,401,NULL),(609,0,'Oscar Alfredo','De Barrio','20294957','19690916',NULL,NULL,NULL,NULL,NULL,101,201,360,401,NULL),(610,0,'Juan Manuel','De Lucia',NULL,NULL,NULL,NULL,NULL,NULL,NULL,101,201,360,402,NULL),(611,0,'Valentin','Fuentes',NULL,NULL,NULL,NULL,NULL,NULL,NULL,101,201,360,402,'n/p\nentrenamiento solamente - DT 5ta'),(612,0,'Mauricio','Gallardo',NULL,NULL,NULL,NULL,NULL,NULL,NULL,101,201,360,402,NULL),(613,0,'Matias','Gallotta',NULL,NULL,NULL,NULL,NULL,NULL,NULL,101,201,360,402,'entrenamiento solamente'),(614,0,'Micael damian','Gallotta','29764074','19821013',NULL,NULL,NULL,NULL,NULL,101,201,360,401,'n/p\nDT cat femenino'),(615,0,'Manuel','Garcia Olivares','29763030','19820820',NULL,NULL,NULL,NULL,NULL,101,201,360,401,'pago anual'),(616,0,'Fernando','Iparraguirre',NULL,NULL,NULL,NULL,NULL,NULL,NULL,101,201,360,404,NULL),(617,0,'Juan Ignacio','Lovero',NULL,NULL,NULL,NULL,NULL,NULL,NULL,101,201,360,402,'baja\nentrenamiento solamente'),(618,0,'Patricio','Lustig',NULL,NULL,NULL,NULL,NULL,NULL,NULL,101,201,360,404,'inicio febrero 2020'),(619,0,'Juan pablo','Moix','29763067','19821115',NULL,NULL,NULL,NULL,NULL,101,201,360,401,NULL),(620,0,'Rodrigo','Nieto','28671296','19810227',NULL,NULL,NULL,NULL,NULL,101,201,360,401,'n/p\nDT inf'),(621,0,'Gustavo','Ontivero ',NULL,NULL,NULL,NULL,NULL,NULL,NULL,101,201,360,402,'baja\nentrenamiento solamente'),(622,0,'Cristian','Osivka',NULL,NULL,NULL,NULL,NULL,NULL,NULL,101,201,360,402,'baja\nentrenamiento inic abril/19'),(623,0,'Hernan','Ostolaza',NULL,NULL,NULL,NULL,NULL,NULL,NULL,101,201,360,402,'baja\nentrenamiento inic abril/19'),(624,0,'Damian Oscar','Pasalacua',NULL,NULL,NULL,NULL,NULL,NULL,NULL,101,201,360,402,NULL),(625,0,'Ricardo Omar','Piedrabuena','27314584','19790820',NULL,NULL,NULL,NULL,NULL,101,201,360,401,'becado paga 350'),(626,0,'Alejandro','Primus','29764228','19821023',NULL,NULL,NULL,NULL,NULL,101,201,360,401,NULL),(627,0,'Mauro','Rodriguez',NULL,NULL,NULL,NULL,NULL,NULL,NULL,101,201,360,401,NULL),(628,0,'Esteban Gabriel','Sabbione',NULL,NULL,NULL,NULL,NULL,NULL,NULL,101,201,360,402,NULL),(629,0,'Jose Toribio','Salto','26634845','19780415',NULL,NULL,NULL,NULL,NULL,101,201,360,401,'n/p\nbecado 2018 sigue de oficio'),(630,0,'German','Salvadore',NULL,NULL,NULL,NULL,NULL,NULL,NULL,101,201,360,402,'entrenamiento solamente'),(631,0,'Jorge','Sanhueza',NULL,NULL,NULL,NULL,NULL,NULL,NULL,101,201,360,402,'n/p'),(632,0,'Juan','Smolyn','29957696','19830107',NULL,NULL,NULL,NULL,NULL,101,201,360,401,'n/p\nbecado 2018 sigue de oficio sin laburo'),(633,8,'Augusto','Soncini','25952726','19770612','2215448154','Calle 6 Nro.231 Dto.B (Tolosa)','augustosoncini@gmail.com','Roberto Oscar Soncini','Mirta Mabel Alvarez',103,201,303,402,'baja\r\nplan de pago 1 cuota 2750 y 2 de 2500 hasta dic/2018'),(634,0,'Ignacio','Soncini','29764826','19821126',NULL,NULL,NULL,NULL,NULL,101,201,360,401,NULL),(635,0,'Gustavo','Spinedi',NULL,NULL,NULL,NULL,NULL,NULL,NULL,101,201,360,402,'entrenamiento solamente'),(636,0,'Bautista Alfredo','Tosti Diaccianci','29763191','19821202',NULL,NULL,NULL,NULL,NULL,101,201,360,401,NULL),(637,0,'Matias','Trevisiol','29485636','19820419',NULL,NULL,NULL,NULL,NULL,101,201,360,401,NULL),(638,0,'Victor','Vidal',NULL,NULL,NULL,NULL,NULL,NULL,NULL,101,201,360,402,'dt\nentrenamiento solamente'),(639,0,'Juan Pablo','Zangroniz',NULL,NULL,NULL,NULL,NULL,NULL,NULL,101,201,360,402,NULL),(640,2,'Diego Armando','Maradona','19123456','19771030','112345678','5522 Maple Av, Apt 1125','diegomaradona@gmail.com','Don Diego','Doa Tota',101,208,301,406,'Prueba'),(641,0,'Roberto','Soncini','9123456','19460921','2219876543','Calle 529 #1544','robertosoncini@gmail.com','Alfredo Soncini','Rosita Ciarmela',103,208,301,401,'Beto'),(645,2,'Katia','Olchansky','40123456','19970701','1145678901','Av Cabildo 1234','katiaolchansky@gmail.com','Marce','Roxy',101,201,310,401,'La mas linda del MINDO');
/*!40000 ALTER TABLE `member` ENABLE KEYS */;
UNLOCK TABLES;

--
-- Table structure for table `parameter`
--

DROP TABLE IF EXISTS `parameter`;
/*!40101 SET @saved_cs_client     = @@character_set_client */;
/*!50503 SET character_set_client = utf8mb4 */;
CREATE TABLE `parameter` (
  `id` bigint NOT NULL AUTO_INCREMENT,
  `version` bigint NOT NULL DEFAULT '0',
  `value` varchar(255) NOT NULL,
  `description` varchar(255) NOT NULL,
  `parent` bigint DEFAULT NULL,
  `position` int DEFAULT NULL,
  PRIMARY KEY (`id`),
  UNIQUE KEY `UK_Parameter_value` (`value`),
  KEY `FK_Parameter_parent` (`parent`),
  CONSTRAINT `FK_Parameter_parent` FOREIGN KEY (`parent`) REFERENCES `parameter` (`id`)
) ENGINE=InnoDB AUTO_INCREMENT=411 DEFAULT CHARSET=utf8mb4 COLLATE=utf8mb4_0900_ai_ci;
/*!40101 SET character_set_client = @saved_cs_client */;

--
-- Dumping data for table `parameter`
--

LOCK TABLES `parameter` WRITE;
/*!40000 ALTER TABLE `parameter` DISABLE KEYS */;
INSERT INTO `parameter` VALUES (1,1,'PERIOD','Periodo',NULL,NULL),(2,1,'PERIOD_202000','2020 Anual',1,1),(3,1,'PERIOD_202001','2020 Enero',1,2),(4,1,'PERIOD_202002','2020 Febrero',1,3),(5,1,'PERIOD_202003','2020 Marzo',1,4),(6,1,'PERIOD_202004','2020 Abril',1,5),(7,1,'PERIOD_202005','2020 Mayo',1,6),(8,1,'PERIOD_202006','2020 Junio',1,7),(9,1,'PERIOD_202007','2020 Julio',1,8),(10,1,'PERIOD_202008','2020 Agosto',1,9),(11,1,'PERIOD_202009','2020 Septiembre',1,10),(12,1,'PERIOD_202010','2020 Octubre',1,11),(13,1,'PERIOD_202011','2020 Noviembre',1,12),(14,1,'PERIOD_202012','2020 Diciembre',1,13),(100,1,'PAYMENT_TYPE','Medio de Pago',NULL,NULL),(101,1,'PAYMENT_TYPE_CASH','Cobrador',100,1),(102,1,'PAYMENT_TYPE_BANK_ACCOUNT','Debito en Cuenta',100,2),(103,1,'PAYMENT_TYPE_CREDIT_CARD','Tarjeta de Credito',100,3),(200,1,'DISCOUNT','Descuento',NULL,NULL),(201,1,'DISCOUNT_0','Sin descuento',200,1),(202,1,'DISCOUNT_10','10%',200,2),(203,1,'DISCOUNT_25','25%',200,3),(204,1,'DISCOUNT_33','33%',200,4),(205,1,'DISCOUNT_50','50%',200,5),(206,1,'DISCOUNT_66','66%',200,6),(207,1,'DISCOUNT_75','75%',200,7),(208,1,'DISCOUNT_100','100%',200,8),(300,1,'ACTIVITY','Actividad',NULL,NULL),(301,1,'ACTIVITY_NO_ACTIVITY','Sin actividad',300,4),(302,1,'ACTIVITY_ZUMBA','Zumba',300,2),(303,1,'ACTIVITY_GYM','Gimnasia',300,3),(310,3,'ACTIVITY_SOCCER','Futbol',300,1),(320,1,'ACTIVITY_SOCCER_FEMALE','Femenino',310,NULL),(321,1,'ACTIVITY_SOCCER_FEMALE_1','Primera',320,NULL),(322,1,'ACTIVITY_SOCCER_FEMALE_3','Tercera',320,NULL),(323,1,'ACTIVITY_SOCCER_FEMALE_SUB_18','Sub-18',320,NULL),(324,1,'ACTIVITY_SOCCER_FEMALE_SUB_17','Sub-17',320,NULL),(325,1,'ACTIVITY_SOCCER_FEMALE_SUB_16','Sub-16',320,NULL),(326,1,'ACTIVITY_SOCCER_FEMALE_SUB_14','Sub-14',320,NULL),(327,1,'ACTIVITY_SOCCER_FEMALE_SUB_10','Sub-10',320,NULL),(350,1,'ACTIVITY_SOCCER_MALE','Masculino',310,NULL),(360,1,'ACTIVITY_SOCCER_MALE_MAJOR','Mayores',350,NULL),(370,1,'ACTIVITY_SOCCER_MALE_YOUTH','Juveniles',350,NULL),(380,1,'ACTIVITY_SOCCER_MALE_INFANT','Infantiles',350,NULL),(400,1,'STATUS','Estado',NULL,NULL),(401,1,'STATUS_SIGNED','Fichado',400,NULL),(402,1,'STATUS_LISTED','Listado',400,NULL),(403,1,'STATUS_AVAILABLE','Habilitado',400,NULL),(404,1,'STATUS_ADDED','Agregado',400,NULL),(405,1,'STATUS_PRE_SIGNED','Pre Inscripcin',400,NULL),(406,1,'STATUS_SCHOOL','Escuelita',400,NULL),(410,0,'TANGO','Tango',300,NULL);
/*!40000 ALTER TABLE `parameter` ENABLE KEYS */;
UNLOCK TABLES;

--
-- Table structure for table `payment`
--

DROP TABLE IF EXISTS `payment`;
/*!40101 SET @saved_cs_client     = @@character_set_client */;
/*!50503 SET character_set_client = utf8mb4 */;
CREATE TABLE `payment` (
  `id` bigint NOT NULL AUTO_INCREMENT,
  `version` bigint NOT NULL DEFAULT '0',
  `member` bigint NOT NULL,
  `subscription` bigint NOT NULL,
  `amount` int NOT NULL,
  `user` bigint DEFAULT NULL,
  `datetime` varchar(14) DEFAULT NULL,
  PRIMARY KEY (`id`),
  UNIQUE KEY `UK_Payment_member_subscription` (`member`,`subscription`),
  KEY `FK_Payment_subscription` (`subscription`),
  KEY `FK_Payment_user` (`user`),
  CONSTRAINT `FK_Payment_member` FOREIGN KEY (`member`) REFERENCES `member` (`id`),
  CONSTRAINT `FK_Payment_subscription` FOREIGN KEY (`subscription`) REFERENCES `subscription` (`id`),
  CONSTRAINT `FK_Payment_user` FOREIGN KEY (`user`) REFERENCES `user` (`id`)
) ENGINE=InnoDB AUTO_INCREMENT=2569 DEFAULT CHARSET=utf8mb4 COLLATE=utf8mb4_0900_ai_ci;
/*!40101 SET character_set_client = @saved_cs_client */;

--
-- Dumping data for table `payment`
--

LOCK TABLES `payment` WRITE;
/*!40000 ALTER TABLE `payment` DISABLE KEYS */;
INSERT INTO `payment` VALUES (1927,0,127,57,500,NULL,NULL),(1928,0,645,57,1000,NULL,NULL),(1929,0,1,58,800,NULL,NULL),(1930,0,2,58,800,NULL,NULL),(1931,0,3,58,800,NULL,NULL),(1932,0,4,58,800,NULL,NULL),(1933,0,5,58,800,NULL,NULL),(1934,0,6,58,800,NULL,NULL),(1935,0,7,58,800,NULL,NULL),(1936,0,8,58,800,NULL,NULL),(1937,0,9,58,800,NULL,NULL),(1938,0,10,58,800,NULL,NULL),(1939,0,11,58,800,NULL,NULL),(1940,0,12,58,800,NULL,NULL),(1941,0,13,58,800,NULL,NULL),(1942,0,14,58,800,NULL,NULL),(1943,0,15,58,800,NULL,NULL),(1944,0,16,58,800,NULL,NULL),(1945,0,17,58,800,NULL,NULL),(1946,0,18,58,800,NULL,NULL),(1947,0,19,58,800,NULL,NULL),(1948,0,20,58,800,NULL,NULL),(1949,0,21,58,800,NULL,NULL),(1950,0,22,58,800,NULL,NULL),(1951,0,23,58,800,NULL,NULL),(1952,0,24,58,800,NULL,NULL),(1953,0,25,58,800,NULL,NULL),(1954,0,26,58,800,NULL,NULL),(1955,0,27,58,800,NULL,NULL),(1956,0,28,58,800,NULL,NULL),(1957,0,29,58,800,NULL,NULL),(1958,0,30,58,800,NULL,NULL),(1959,0,31,58,800,NULL,NULL),(1960,0,32,58,800,NULL,NULL),(1961,0,33,58,800,NULL,NULL),(1962,0,34,58,800,NULL,NULL),(1963,0,35,58,800,NULL,NULL),(1964,0,36,58,800,NULL,NULL),(1965,0,37,58,800,NULL,NULL),(1966,0,38,58,800,NULL,NULL),(1967,0,39,58,800,NULL,NULL),(1968,0,40,58,800,NULL,NULL),(1969,0,41,58,800,NULL,NULL),(1970,0,42,58,800,NULL,NULL),(1971,0,43,58,800,NULL,NULL),(1972,0,44,58,800,NULL,NULL),(1973,0,45,58,800,NULL,NULL),(1974,0,46,58,800,NULL,NULL),(1975,0,47,58,800,NULL,NULL),(1976,0,48,58,800,NULL,NULL),(1977,0,49,58,800,NULL,NULL),(1978,0,50,58,800,NULL,NULL),(1979,0,51,58,800,NULL,NULL),(1980,0,52,58,800,NULL,NULL),(1981,0,53,58,800,NULL,NULL),(1982,0,54,58,800,NULL,NULL),(1983,0,55,58,800,NULL,NULL),(1984,0,56,58,800,NULL,NULL),(1985,0,57,58,800,NULL,NULL),(1986,0,58,58,800,NULL,NULL),(1987,0,59,58,800,NULL,NULL),(1988,0,60,58,800,NULL,NULL),(1989,0,61,58,800,NULL,NULL),(1990,0,62,58,800,NULL,NULL),(1991,0,63,58,800,NULL,NULL),(1992,0,64,58,800,NULL,NULL),(1993,0,65,58,800,NULL,NULL),(1994,0,66,58,800,NULL,NULL),(1995,0,67,58,800,NULL,NULL),(1996,0,68,58,800,NULL,NULL),(1997,0,69,58,800,NULL,NULL),(1998,0,70,58,800,NULL,NULL),(1999,0,71,58,800,NULL,NULL),(2000,0,72,58,800,NULL,NULL),(2001,0,73,58,800,NULL,NULL),(2002,0,74,58,800,NULL,NULL),(2003,0,75,58,800,NULL,NULL),(2004,0,76,58,800,NULL,NULL),(2005,0,77,58,800,NULL,NULL),(2006,0,78,58,800,NULL,NULL),(2007,0,79,58,800,NULL,NULL),(2008,0,80,58,800,NULL,NULL),(2009,0,81,58,800,NULL,NULL),(2010,0,82,58,800,NULL,NULL),(2011,0,83,58,800,NULL,NULL),(2012,0,84,58,800,NULL,NULL),(2013,0,85,58,800,NULL,NULL),(2014,0,86,58,800,NULL,NULL),(2015,0,87,58,800,NULL,NULL),(2016,0,88,58,800,NULL,NULL),(2017,0,89,58,800,NULL,NULL),(2018,0,90,58,800,NULL,NULL),(2019,0,91,58,800,NULL,NULL),(2020,0,92,58,800,NULL,NULL),(2021,0,93,58,800,NULL,NULL),(2022,0,94,58,800,NULL,NULL),(2023,0,95,58,800,NULL,NULL),(2024,0,96,58,800,NULL,NULL),(2025,0,97,58,800,NULL,NULL),(2026,0,98,58,800,NULL,NULL),(2027,0,99,58,800,NULL,NULL),(2028,0,100,58,800,NULL,NULL),(2029,0,101,58,800,NULL,NULL),(2030,0,102,58,800,NULL,NULL),(2031,0,103,58,800,NULL,NULL),(2032,0,104,58,800,NULL,NULL),(2033,0,105,58,800,NULL,NULL),(2034,0,106,58,800,NULL,NULL),(2035,0,107,58,800,NULL,NULL),(2036,0,108,58,800,NULL,NULL),(2037,0,109,58,800,NULL,NULL),(2038,0,110,58,800,NULL,NULL),(2039,0,111,58,800,NULL,NULL),(2040,0,112,58,800,NULL,NULL),(2041,0,113,58,800,NULL,NULL),(2042,0,114,58,800,NULL,NULL),(2043,0,115,58,800,NULL,NULL),(2044,0,116,58,800,NULL,NULL),(2045,0,117,58,800,NULL,NULL),(2046,0,118,58,800,NULL,NULL),(2047,0,119,58,800,NULL,NULL),(2048,0,120,58,800,NULL,NULL),(2049,0,121,58,800,NULL,NULL),(2050,0,122,58,800,NULL,NULL),(2051,0,123,58,800,NULL,NULL),(2052,0,124,58,800,NULL,NULL),(2053,0,125,58,800,NULL,NULL),(2054,0,126,58,800,NULL,NULL),(2055,0,128,58,800,NULL,NULL),(2056,0,129,58,800,NULL,NULL),(2057,0,130,58,800,NULL,NULL),(2058,0,131,58,800,NULL,NULL),(2059,0,132,58,800,NULL,NULL),(2060,0,133,58,800,NULL,NULL),(2061,0,134,58,800,NULL,NULL),(2062,0,135,58,800,NULL,NULL),(2063,0,469,67,1000,NULL,NULL),(2064,0,470,67,1000,NULL,NULL),(2065,0,471,67,1000,NULL,NULL),(2066,0,472,67,1000,NULL,NULL),(2067,0,473,67,1000,NULL,NULL),(2068,0,474,67,1000,NULL,NULL),(2069,0,475,67,1000,NULL,NULL),(2070,0,476,67,1000,NULL,NULL),(2071,0,477,67,1000,NULL,NULL),(2072,0,478,67,1000,NULL,NULL),(2073,0,479,67,1000,NULL,NULL),(2074,0,480,67,1000,NULL,NULL),(2075,0,481,67,1000,NULL,NULL),(2076,0,482,67,1000,NULL,NULL),(2077,0,483,67,1000,NULL,NULL),(2078,0,484,67,1000,NULL,NULL),(2079,0,485,67,1000,NULL,NULL),(2080,0,486,67,1000,NULL,NULL),(2081,0,487,67,1000,NULL,NULL),(2082,0,488,67,1000,NULL,NULL),(2083,0,489,67,1000,NULL,NULL),(2084,0,490,67,1000,NULL,NULL),(2085,0,491,67,1000,NULL,NULL),(2086,0,492,67,1000,NULL,NULL),(2087,0,493,67,1000,NULL,NULL),(2088,0,494,67,1000,NULL,NULL),(2089,0,495,67,1000,NULL,NULL),(2090,0,496,67,1000,NULL,NULL),(2091,0,497,67,1000,NULL,NULL),(2092,0,498,67,1000,NULL,NULL),(2093,0,499,67,1000,NULL,NULL),(2094,0,500,67,1000,NULL,NULL),(2095,0,501,67,1000,NULL,NULL),(2096,0,502,67,1000,NULL,NULL),(2097,0,503,67,1000,NULL,NULL),(2098,0,504,67,1000,NULL,NULL),(2099,0,505,67,1000,NULL,NULL),(2100,0,506,67,1000,NULL,NULL),(2101,0,507,67,1000,NULL,NULL),(2102,0,508,67,1000,NULL,NULL),(2103,0,509,67,1000,NULL,NULL),(2104,0,510,67,1000,NULL,NULL),(2105,0,511,67,1000,NULL,NULL),(2106,0,512,67,1000,NULL,NULL),(2107,0,513,67,1000,NULL,NULL),(2108,0,514,67,1000,NULL,NULL),(2109,0,515,67,1000,NULL,NULL),(2110,0,516,67,1000,NULL,NULL),(2111,0,517,67,1000,NULL,NULL),(2112,0,518,67,1000,NULL,NULL),(2113,0,519,67,1000,NULL,NULL),(2114,0,520,67,1000,NULL,NULL),(2115,0,521,67,1000,NULL,NULL),(2116,0,522,67,1000,NULL,NULL),(2117,0,523,67,1000,NULL,NULL),(2118,0,524,67,1000,NULL,NULL),(2119,0,525,67,1000,NULL,NULL),(2120,0,526,67,1000,NULL,NULL),(2121,0,527,67,1000,NULL,NULL),(2122,0,528,67,1000,NULL,NULL),(2123,0,529,67,1000,NULL,NULL),(2124,0,530,67,1000,NULL,NULL),(2125,0,531,67,1000,NULL,NULL),(2126,0,532,67,1000,NULL,NULL),(2127,0,533,67,1000,NULL,NULL),(2128,0,534,67,1000,NULL,NULL),(2129,0,535,67,1000,NULL,NULL),(2130,0,536,67,1000,NULL,NULL),(2131,0,537,67,1000,NULL,NULL),(2132,0,538,67,1000,NULL,NULL),(2133,0,539,67,1000,NULL,NULL),(2134,0,540,67,1000,NULL,NULL),(2135,0,541,67,1000,NULL,NULL),(2136,0,542,67,1000,NULL,NULL),(2137,0,543,67,1000,NULL,NULL),(2138,0,544,67,1000,NULL,NULL),(2139,0,545,67,1000,NULL,NULL),(2140,0,546,67,1000,NULL,NULL),(2141,0,547,67,1000,NULL,NULL),(2142,0,548,67,1000,NULL,NULL),(2143,0,549,67,1000,NULL,NULL),(2144,0,550,67,1000,NULL,NULL),(2145,0,551,67,1000,NULL,NULL),(2146,0,552,67,1000,NULL,NULL),(2147,0,553,67,1000,NULL,NULL),(2148,0,554,67,1000,NULL,NULL),(2149,0,555,67,1000,NULL,NULL),(2150,0,556,67,1000,NULL,NULL),(2151,0,557,67,1000,NULL,NULL),(2152,0,558,67,1000,NULL,NULL),(2153,0,559,67,1000,NULL,NULL),(2154,0,560,67,1000,NULL,NULL),(2155,0,561,67,1000,NULL,NULL),(2156,0,562,67,1000,NULL,NULL),(2157,0,563,67,1000,NULL,NULL),(2158,0,564,67,1000,NULL,NULL),(2159,0,565,67,1000,NULL,NULL),(2160,0,566,67,1000,NULL,NULL),(2161,0,567,67,1000,NULL,NULL),(2162,0,568,67,1000,NULL,NULL),(2163,0,569,67,1000,NULL,NULL),(2164,0,570,67,1000,NULL,NULL),(2165,0,571,67,1000,NULL,NULL),(2166,0,572,67,1000,NULL,NULL),(2167,0,573,67,1000,NULL,NULL),(2168,0,574,67,1000,NULL,NULL),(2169,0,575,67,1000,NULL,NULL),(2170,0,576,67,1000,NULL,NULL),(2171,0,577,67,1000,NULL,NULL),(2172,0,578,67,1000,NULL,NULL),(2173,0,579,67,1000,NULL,NULL),(2174,0,580,67,1000,NULL,NULL),(2175,0,581,67,1000,NULL,NULL),(2176,0,582,67,1000,NULL,NULL),(2177,0,583,67,1000,NULL,NULL),(2178,0,584,67,1000,NULL,NULL),(2179,0,585,67,1000,NULL,NULL),(2180,0,586,67,1000,NULL,NULL),(2181,0,587,67,1000,NULL,NULL),(2182,0,588,67,1000,NULL,NULL),(2183,0,589,67,1000,NULL,NULL),(2184,0,590,67,1000,NULL,NULL),(2185,0,591,67,1000,NULL,NULL),(2186,0,592,67,1000,NULL,NULL),(2187,0,593,67,1000,NULL,NULL),(2188,0,594,67,1000,NULL,NULL),(2189,0,595,67,1000,NULL,NULL),(2190,0,596,67,1000,NULL,NULL),(2191,0,597,67,1000,NULL,NULL),(2192,0,598,67,1000,NULL,NULL),(2193,0,599,67,1000,NULL,NULL),(2194,0,600,67,1000,NULL,NULL),(2195,0,601,67,1000,NULL,NULL),(2196,0,602,67,1000,NULL,NULL),(2197,0,603,67,1000,NULL,NULL),(2198,0,604,67,1000,NULL,NULL),(2199,0,605,67,1000,NULL,NULL),(2200,0,606,67,1000,NULL,NULL),(2201,0,607,67,1000,NULL,NULL),(2202,0,608,67,1000,NULL,NULL),(2203,0,609,67,1000,NULL,NULL),(2204,0,610,67,1000,NULL,NULL),(2205,0,611,67,1000,NULL,NULL),(2206,0,612,67,1000,NULL,NULL),(2207,0,613,67,1000,NULL,NULL),(2208,0,614,67,1000,NULL,NULL),(2209,0,615,67,1000,NULL,NULL),(2210,0,616,67,1000,NULL,NULL),(2211,0,617,67,1000,NULL,NULL),(2212,0,618,67,1000,NULL,NULL),(2213,0,619,67,1000,NULL,NULL),(2214,0,620,67,1000,NULL,NULL),(2215,0,621,67,1000,NULL,NULL),(2216,0,622,67,1000,NULL,NULL),(2217,0,623,67,1000,NULL,NULL),(2218,0,624,67,1000,NULL,NULL),(2219,0,625,67,1000,NULL,NULL),(2220,0,626,67,1000,NULL,NULL),(2221,0,627,67,1000,NULL,NULL),(2222,0,628,67,1000,NULL,NULL),(2223,0,629,67,1000,NULL,NULL),(2224,0,630,67,1000,NULL,NULL),(2225,0,631,67,1000,NULL,NULL),(2226,0,632,67,1000,NULL,NULL),(2227,1,634,67,1000,1,'20200511121940'),(2228,0,635,67,1000,NULL,NULL),(2229,0,636,67,1000,NULL,NULL),(2230,0,637,67,1000,NULL,NULL),(2231,0,638,67,1000,NULL,NULL),(2232,0,639,67,1000,NULL,NULL),(2233,0,280,68,900,NULL,NULL),(2234,0,281,68,900,NULL,NULL),(2235,0,282,68,900,NULL,NULL),(2236,0,283,68,900,NULL,NULL),(2237,0,284,68,900,NULL,NULL),(2238,0,285,68,900,NULL,NULL),(2239,0,286,68,900,NULL,NULL),(2240,0,287,68,900,NULL,NULL),(2241,0,288,68,900,NULL,NULL),(2242,0,289,68,900,NULL,NULL),(2243,0,290,68,900,NULL,NULL),(2244,0,291,68,900,NULL,NULL),(2245,0,292,68,900,NULL,NULL),(2246,0,293,68,900,NULL,NULL),(2247,0,294,68,900,NULL,NULL),(2248,0,295,68,900,NULL,NULL),(2249,0,296,68,900,NULL,NULL),(2250,0,297,68,900,NULL,NULL),(2251,0,298,68,900,NULL,NULL),(2252,0,299,68,900,NULL,NULL),(2253,0,300,68,900,NULL,NULL),(2254,0,301,68,900,NULL,NULL),(2255,0,302,68,900,NULL,NULL),(2256,0,303,68,900,NULL,NULL),(2257,0,304,68,900,NULL,NULL),(2258,0,305,68,900,NULL,NULL),(2259,0,306,68,900,NULL,NULL),(2260,0,307,68,900,NULL,NULL),(2261,0,308,68,900,NULL,NULL),(2262,0,309,68,900,NULL,NULL),(2263,0,310,68,900,NULL,NULL),(2264,0,311,68,900,NULL,NULL),(2265,0,312,68,900,NULL,NULL),(2266,0,313,68,900,NULL,NULL),(2267,0,314,68,900,NULL,NULL),(2268,0,315,68,900,NULL,NULL),(2269,0,316,68,900,NULL,NULL),(2270,0,317,68,900,NULL,NULL),(2271,0,318,68,900,NULL,NULL),(2272,0,319,68,900,NULL,NULL),(2273,0,320,68,900,NULL,NULL),(2274,0,321,68,900,NULL,NULL),(2275,0,322,68,900,NULL,NULL),(2276,0,323,68,900,NULL,NULL),(2277,0,324,68,900,NULL,NULL),(2278,0,325,68,900,NULL,NULL),(2279,0,326,68,900,NULL,NULL),(2280,0,327,68,900,NULL,NULL),(2281,0,328,68,900,NULL,NULL),(2282,0,329,68,900,NULL,NULL),(2283,0,330,68,900,NULL,NULL),(2284,0,331,68,900,NULL,NULL),(2285,0,332,68,900,NULL,NULL),(2286,0,333,68,900,NULL,NULL),(2287,0,334,68,900,NULL,NULL),(2288,0,335,68,900,NULL,NULL),(2289,0,336,68,900,NULL,NULL),(2290,0,337,68,900,NULL,NULL),(2291,0,338,68,900,NULL,NULL),(2292,0,339,68,900,NULL,NULL),(2293,0,340,68,900,NULL,NULL),(2294,0,341,68,900,NULL,NULL),(2295,0,342,68,900,NULL,NULL),(2296,0,343,68,900,NULL,NULL),(2297,0,344,68,900,NULL,NULL),(2298,0,345,68,900,NULL,NULL),(2299,0,346,68,900,NULL,NULL),(2300,0,347,68,900,NULL,NULL),(2301,0,348,68,900,NULL,NULL),(2302,0,349,68,900,NULL,NULL),(2303,0,350,68,900,NULL,NULL),(2304,0,351,68,900,NULL,NULL),(2305,0,352,68,900,NULL,NULL),(2306,0,353,68,900,NULL,NULL),(2307,0,354,68,900,NULL,NULL),(2308,0,355,68,900,NULL,NULL),(2309,0,356,68,900,NULL,NULL),(2310,0,357,68,900,NULL,NULL),(2311,0,358,68,900,NULL,NULL),(2312,0,359,68,900,NULL,NULL),(2313,0,360,68,900,NULL,NULL),(2314,0,361,68,900,NULL,NULL),(2315,0,362,68,900,NULL,NULL),(2316,0,363,68,900,NULL,NULL),(2317,0,364,68,900,NULL,NULL),(2318,0,365,68,900,NULL,NULL),(2319,0,366,68,900,NULL,NULL),(2320,0,367,68,900,NULL,NULL),(2321,0,368,68,900,NULL,NULL),(2322,0,369,68,900,NULL,NULL),(2323,0,370,68,900,NULL,NULL),(2324,0,371,68,900,NULL,NULL),(2325,0,372,68,900,NULL,NULL),(2326,0,373,68,900,NULL,NULL),(2327,0,374,68,900,NULL,NULL),(2328,0,375,68,900,NULL,NULL),(2329,0,376,68,900,NULL,NULL),(2330,0,377,68,900,NULL,NULL),(2331,0,378,68,900,NULL,NULL),(2332,0,379,68,900,NULL,NULL),(2333,0,380,68,900,NULL,NULL),(2334,0,381,68,900,NULL,NULL),(2335,0,382,68,900,NULL,NULL),(2336,0,383,68,900,NULL,NULL),(2337,0,384,68,900,NULL,NULL),(2338,0,385,68,900,NULL,NULL),(2339,0,386,68,900,NULL,NULL),(2340,0,387,68,900,NULL,NULL),(2341,0,388,68,900,NULL,NULL),(2342,0,389,68,900,NULL,NULL),(2343,0,390,68,900,NULL,NULL),(2344,0,391,68,900,NULL,NULL),(2345,0,392,68,900,NULL,NULL),(2346,0,393,68,900,NULL,NULL),(2347,0,394,68,900,NULL,NULL),(2348,0,395,68,900,NULL,NULL),(2349,0,396,68,900,NULL,NULL),(2350,0,397,68,900,NULL,NULL),(2351,0,398,68,900,NULL,NULL),(2352,0,399,68,900,NULL,NULL),(2353,0,400,68,900,NULL,NULL),(2354,0,401,68,900,NULL,NULL),(2355,0,402,68,900,NULL,NULL),(2356,0,403,68,900,NULL,NULL),(2357,0,404,68,900,NULL,NULL),(2358,0,405,68,900,NULL,NULL),(2359,0,406,68,900,NULL,NULL),(2360,0,407,68,900,NULL,NULL),(2361,0,408,68,900,NULL,NULL),(2362,0,409,68,900,NULL,NULL),(2363,0,410,68,900,NULL,NULL),(2364,0,411,68,900,NULL,NULL),(2365,0,412,68,900,NULL,NULL),(2366,0,413,68,900,NULL,NULL),(2367,0,414,68,900,NULL,NULL),(2368,0,415,68,900,NULL,NULL),(2369,0,416,68,900,NULL,NULL),(2370,0,417,68,900,NULL,NULL),(2371,0,418,68,900,NULL,NULL),(2372,0,419,68,900,NULL,NULL),(2373,0,420,68,900,NULL,NULL),(2374,0,421,68,900,NULL,NULL),(2375,0,422,68,900,NULL,NULL),(2376,0,423,68,900,NULL,NULL),(2377,0,424,68,900,NULL,NULL),(2378,0,425,68,900,NULL,NULL),(2379,0,426,68,900,NULL,NULL),(2380,0,427,68,900,NULL,NULL),(2381,0,428,68,900,NULL,NULL),(2382,0,429,68,900,NULL,NULL),(2383,0,430,68,900,NULL,NULL),(2384,0,431,68,900,NULL,NULL),(2385,0,432,68,900,NULL,NULL),(2386,0,433,68,900,NULL,NULL),(2387,0,434,68,900,NULL,NULL),(2388,0,435,68,900,NULL,NULL),(2389,0,436,68,900,NULL,NULL),(2390,0,437,68,900,NULL,NULL),(2391,0,438,68,900,NULL,NULL),(2392,0,439,68,900,NULL,NULL),(2393,0,440,68,900,NULL,NULL),(2394,0,441,68,900,NULL,NULL),(2395,0,442,68,900,NULL,NULL),(2396,0,443,68,900,NULL,NULL),(2397,0,444,68,900,NULL,NULL),(2398,0,445,68,900,NULL,NULL),(2399,0,446,68,900,NULL,NULL),(2400,0,447,68,900,NULL,NULL),(2401,0,448,68,900,NULL,NULL),(2402,0,449,68,900,NULL,NULL),(2403,0,450,68,900,NULL,NULL),(2404,0,451,68,900,NULL,NULL),(2405,0,452,68,900,NULL,NULL),(2406,0,453,68,900,NULL,NULL),(2407,0,454,68,900,NULL,NULL),(2408,0,455,68,900,NULL,NULL),(2409,0,456,68,900,NULL,NULL),(2410,0,457,68,900,NULL,NULL),(2411,0,458,68,900,NULL,NULL),(2412,0,459,68,900,NULL,NULL),(2413,0,460,68,900,NULL,NULL),(2414,0,461,68,900,NULL,NULL),(2415,0,462,68,900,NULL,NULL),(2416,0,463,68,900,NULL,NULL),(2417,0,464,68,900,NULL,NULL),(2418,0,465,68,900,NULL,NULL),(2419,0,466,68,900,NULL,NULL),(2420,0,467,68,900,NULL,NULL),(2421,0,468,68,900,NULL,NULL),(2422,0,136,69,800,NULL,NULL),(2423,0,137,69,800,NULL,NULL),(2424,0,138,69,800,NULL,NULL),(2425,0,139,69,800,NULL,NULL),(2426,0,140,69,800,NULL,NULL),(2427,0,141,69,800,NULL,NULL),(2428,0,142,69,800,NULL,NULL),(2429,0,143,69,800,NULL,NULL),(2430,0,144,69,800,NULL,NULL),(2431,0,145,69,800,NULL,NULL),(2432,0,146,69,800,NULL,NULL),(2433,0,147,69,800,NULL,NULL),(2434,0,148,69,800,NULL,NULL),(2435,0,149,69,800,NULL,NULL),(2436,0,150,69,800,NULL,NULL),(2437,0,151,69,800,NULL,NULL),(2438,0,152,69,800,NULL,NULL),(2439,0,153,69,800,NULL,NULL),(2440,0,154,69,800,NULL,NULL),(2441,0,155,69,800,NULL,NULL),(2442,0,156,69,800,NULL,NULL),(2443,0,157,69,800,NULL,NULL),(2444,0,158,69,800,NULL,NULL),(2445,0,159,69,800,NULL,NULL),(2446,0,160,69,800,NULL,NULL),(2447,0,161,69,800,NULL,NULL),(2448,0,162,69,800,NULL,NULL),(2449,0,163,69,800,NULL,NULL),(2450,0,164,69,800,NULL,NULL),(2451,0,165,69,800,NULL,NULL),(2452,0,166,69,800,NULL,NULL),(2453,0,167,69,800,NULL,NULL),(2454,0,168,69,800,NULL,NULL),(2455,0,169,69,800,NULL,NULL),(2456,0,170,69,800,NULL,NULL),(2457,0,171,69,800,NULL,NULL),(2458,0,172,69,800,NULL,NULL),(2459,0,173,69,800,NULL,NULL),(2460,0,174,69,800,NULL,NULL),(2461,0,175,69,800,NULL,NULL),(2462,0,176,69,800,NULL,NULL),(2463,0,177,69,800,NULL,NULL),(2464,0,178,69,800,NULL,NULL),(2465,0,179,69,800,NULL,NULL),(2466,0,180,69,800,NULL,NULL),(2467,0,181,69,800,NULL,NULL),(2468,0,182,69,800,NULL,NULL),(2469,0,183,69,800,NULL,NULL),(2470,0,184,69,800,NULL,NULL),(2471,0,185,69,800,NULL,NULL),(2472,0,186,69,800,NULL,NULL),(2473,0,187,69,800,NULL,NULL),(2474,0,188,69,800,NULL,NULL),(2475,0,189,69,800,NULL,NULL),(2476,0,190,69,800,NULL,NULL),(2477,0,191,69,800,NULL,NULL),(2478,0,192,69,800,NULL,NULL),(2479,0,193,69,800,NULL,NULL),(2480,0,194,69,800,NULL,NULL),(2481,0,195,69,800,NULL,NULL),(2482,0,196,69,800,NULL,NULL),(2483,0,197,69,800,NULL,NULL),(2484,0,198,69,800,NULL,NULL),(2485,0,199,69,800,NULL,NULL),(2486,0,200,69,800,NULL,NULL),(2487,0,201,69,800,NULL,NULL),(2488,0,202,69,800,NULL,NULL),(2489,0,203,69,800,NULL,NULL),(2490,0,204,69,800,NULL,NULL),(2491,0,205,69,800,NULL,NULL),(2492,0,206,69,800,NULL,NULL),(2493,0,207,69,800,NULL,NULL),(2494,0,208,69,800,NULL,NULL),(2495,0,209,69,800,NULL,NULL),(2496,0,210,69,800,NULL,NULL),(2497,0,211,69,800,NULL,NULL),(2498,0,212,69,800,NULL,NULL),(2499,0,213,69,800,NULL,NULL),(2500,0,214,69,800,NULL,NULL),(2501,0,215,69,800,NULL,NULL),(2502,0,216,69,800,NULL,NULL),(2503,0,217,69,800,NULL,NULL),(2504,0,218,69,800,NULL,NULL),(2505,0,219,69,800,NULL,NULL),(2506,0,220,69,800,NULL,NULL),(2507,0,221,69,800,NULL,NULL),(2508,0,222,69,800,NULL,NULL),(2509,0,223,69,800,NULL,NULL),(2510,0,224,69,800,NULL,NULL),(2511,0,225,69,800,NULL,NULL),(2512,0,226,69,800,NULL,NULL),(2513,0,227,69,800,NULL,NULL),(2514,0,228,69,800,NULL,NULL),(2515,0,229,69,800,NULL,NULL),(2516,0,230,69,800,NULL,NULL),(2517,0,231,69,800,NULL,NULL),(2518,0,232,69,800,NULL,NULL),(2519,0,233,69,800,NULL,NULL),(2520,0,234,69,800,NULL,NULL),(2521,0,235,69,800,NULL,NULL),(2522,0,236,69,800,NULL,NULL),(2523,0,237,69,800,NULL,NULL),(2524,0,238,69,800,NULL,NULL),(2525,0,239,69,800,NULL,NULL),(2526,0,240,69,800,NULL,NULL),(2527,0,241,69,800,NULL,NULL),(2528,0,242,69,800,NULL,NULL),(2529,0,243,69,800,NULL,NULL),(2530,0,244,69,800,NULL,NULL),(2531,0,245,69,800,NULL,NULL),(2532,0,246,69,800,NULL,NULL),(2533,0,247,69,800,NULL,NULL),(2534,0,248,69,800,NULL,NULL),(2535,0,249,69,800,NULL,NULL),(2536,0,250,69,800,NULL,NULL),(2537,0,251,69,800,NULL,NULL),(2538,0,252,69,800,NULL,NULL),(2539,0,253,69,800,NULL,NULL),(2540,0,254,69,800,NULL,NULL),(2541,0,255,69,800,NULL,NULL),(2542,0,256,69,800,NULL,NULL),(2543,0,257,69,800,NULL,NULL),(2544,0,258,69,800,NULL,NULL),(2545,0,259,69,800,NULL,NULL),(2546,0,260,69,800,NULL,NULL),(2547,0,261,69,800,NULL,NULL),(2548,0,262,69,800,NULL,NULL),(2549,0,263,69,800,NULL,NULL),(2550,0,264,69,800,NULL,NULL),(2551,0,265,69,800,NULL,NULL),(2552,0,266,69,800,NULL,NULL),(2553,0,267,69,800,NULL,NULL),(2554,0,268,69,800,NULL,NULL),(2555,0,269,69,800,NULL,NULL),(2556,0,270,69,800,NULL,NULL),(2557,0,271,69,800,NULL,NULL),(2558,0,272,69,800,NULL,NULL),(2559,0,273,69,800,NULL,NULL),(2560,0,274,69,800,NULL,NULL),(2561,0,275,69,800,NULL,NULL),(2562,0,276,69,800,NULL,NULL),(2563,0,277,69,800,NULL,NULL),(2564,0,278,69,800,NULL,NULL),(2565,0,279,69,800,NULL,NULL),(2566,0,633,71,400,NULL,NULL),(2567,0,640,72,0,NULL,NULL),(2568,0,641,72,0,NULL,NULL);
/*!40000 ALTER TABLE `payment` ENABLE KEYS */;
UNLOCK TABLES;

--
-- Table structure for table `subscription`
--

DROP TABLE IF EXISTS `subscription`;
/*!40101 SET @saved_cs_client     = @@character_set_client */;
/*!50503 SET character_set_client = utf8mb4 */;
CREATE TABLE `subscription` (
  `id` bigint NOT NULL AUTO_INCREMENT,
  `version` bigint NOT NULL DEFAULT '0',
  `amount` int NOT NULL,
  `activity` bigint NOT NULL,
  `period` bigint NOT NULL,
  PRIMARY KEY (`id`),
  UNIQUE KEY `UK_Suscription_period_activity` (`period`,`activity`),
  KEY `FK_Suscription_activity` (`activity`),
  CONSTRAINT `FK_Suscription_activity` FOREIGN KEY (`activity`) REFERENCES `parameter` (`id`),
  CONSTRAINT `FK_Suscription_period` FOREIGN KEY (`period`) REFERENCES `parameter` (`id`)
) ENGINE=InnoDB AUTO_INCREMENT=73 DEFAULT CHARSET=utf8mb4 COLLATE=utf8mb4_0900_ai_ci;
/*!40101 SET character_set_client = @saved_cs_client */;

--
-- Dumping data for table `subscription`
--

LOCK TABLES `subscription` WRITE;
/*!40000 ALTER TABLE `subscription` DISABLE KEYS */;
INSERT INTO `subscription` VALUES (57,0,1000,310,3),(58,0,800,320,3),(59,0,800,321,3),(60,0,800,322,3),(61,0,700,323,3),(62,0,700,324,3),(63,0,700,325,3),(64,0,700,326,3),(65,0,500,327,3),(66,0,1000,350,3),(67,0,1000,360,3),(68,0,900,370,3),(69,0,800,380,3),(70,0,500,302,3),(71,0,400,303,3),(72,0,250,301,3);
/*!40000 ALTER TABLE `subscription` ENABLE KEYS */;
UNLOCK TABLES;

--
-- Table structure for table `user`
--

DROP TABLE IF EXISTS `user`;
/*!40101 SET @saved_cs_client     = @@character_set_client */;
/*!50503 SET character_set_client = utf8mb4 */;
CREATE TABLE `user` (
  `id` bigint NOT NULL AUTO_INCREMENT,
  `version` bigint NOT NULL DEFAULT '0',
  `username` varchar(255) NOT NULL,
  `password` varchar(255) NOT NULL,
  `token` varchar(255) DEFAULT NULL,
  PRIMARY KEY (`id`),
  UNIQUE KEY `UK_User_username` (`username`),
  UNIQUE KEY `UK_User_token` (`token`)
) ENGINE=InnoDB AUTO_INCREMENT=6 DEFAULT CHARSET=utf8mb4 COLLATE=utf8mb4_0900_ai_ci;
/*!40101 SET character_set_client = @saved_cs_client */;

--
-- Dumping data for table `user`
--

LOCK TABLES `user` WRITE;
/*!40000 ALTER TABLE `user` DISABLE KEYS */;
INSERT INTO `user` VALUES (1,49,'admin','YWRtaW4=','MToxNTg5MjEwMjY3ODEz'),(2,21,'Augusto','U29uY2luaTE=','MjoxNTg3NzQxOTY1NTQ5'),(3,7,'Valentino','U29uY2luaQ==','MzoxNTg3NjY3MTk5Njcw'),(4,6,'Catalina','U29uY2luaQ==','NDoxNTg3NjY2NzEwODE2'),(5,1,'Katia','T2xjaGFuc2t5',NULL);
/*!40000 ALTER TABLE `user` ENABLE KEYS */;
UNLOCK TABLES;

--
-- Table structure for table `useraccess`
--

DROP TABLE IF EXISTS `useraccess`;
/*!40101 SET @saved_cs_client     = @@character_set_client */;
/*!50503 SET character_set_client = utf8mb4 */;
CREATE TABLE `useraccess` (
  `id` bigint NOT NULL AUTO_INCREMENT,
  `version` bigint NOT NULL DEFAULT '0',
  `user` bigint NOT NULL,
  `access` bigint NOT NULL,
  PRIMARY KEY (`id`),
  UNIQUE KEY `UK_UserAccess_user_access` (`user`,`access`),
  KEY `FK_UserAccess_access` (`access`),
  CONSTRAINT `FK_UserAccess_access` FOREIGN KEY (`access`) REFERENCES `access` (`id`),
  CONSTRAINT `FK_UserAccess_user` FOREIGN KEY (`user`) REFERENCES `user` (`id`)
) ENGINE=InnoDB AUTO_INCREMENT=39 DEFAULT CHARSET=utf8mb4 COLLATE=utf8mb4_0900_ai_ci;
/*!40101 SET character_set_client = @saved_cs_client */;

--
-- Dumping data for table `useraccess`
--

LOCK TABLES `useraccess` WRITE;
/*!40000 ALTER TABLE `useraccess` DISABLE KEYS */;
INSERT INTO `useraccess` VALUES (1,0,1,1),(2,0,1,2),(3,0,1,3),(4,0,1,4),(5,0,1,5),(6,0,1,6),(7,0,1,7),(8,0,1,8),(9,0,1,9),(10,0,1,10),(11,0,1,11),(12,0,1,12),(13,0,1,13),(14,0,1,14),(15,0,1,15),(16,0,1,16),(17,0,1,17),(18,0,1,18),(19,0,1,19),(20,0,1,20),(21,0,1,21),(22,0,1,22),(23,0,1,23),(24,0,1,24),(25,0,1,25),(26,0,1,26),(27,0,1,27),(28,0,1,28),(29,0,1,29);
/*!40000 ALTER TABLE `useraccess` ENABLE KEYS */;
UNLOCK TABLES;
/*!40103 SET TIME_ZONE=@OLD_TIME_ZONE */;

/*!40101 SET SQL_MODE=@OLD_SQL_MODE */;
/*!40014 SET FOREIGN_KEY_CHECKS=@OLD_FOREIGN_KEY_CHECKS */;
/*!40014 SET UNIQUE_CHECKS=@OLD_UNIQUE_CHECKS */;
/*!40101 SET CHARACTER_SET_CLIENT=@OLD_CHARACTER_SET_CLIENT */;
/*!40101 SET CHARACTER_SET_RESULTS=@OLD_CHARACTER_SET_RESULTS */;
/*!40101 SET COLLATION_CONNECTION=@OLD_COLLATION_CONNECTION */;
/*!40111 SET SQL_NOTES=@OLD_SQL_NOTES */;

-- Dump completed on 2020-05-18 12:53:36
